,reward,ticks
0,16.0,173
1,9.0,124
2,26.0,177
3,15.0,136
4,14.0,125
5,13.0,135
6,9.0,131
7,12.0,109
8,13.0,121
9,13.0,144
10,9.0,119
11,14.0,125
12,8.0,89
13,15.0,146
14,22.0,162
15,16.0,171
16,6.0,92
17,7.0,134
18,12.0,151
19,14.0,172
20,14.0,156
21,13.0,154
22,16.0,190
23,8.0,143
24,7.0,159
25,12.0,137
26,18.0,149
27,11.0,154
28,10.0,144
29,20.0,199
30,13.0,119
31,8.0,123
32,7.0,123
33,12.0,139
34,15.0,151
35,5.0,87
36,14.0,156
37,9.0,159
38,17.0,175
39,8.0,71
40,14.0,148
41,4.0,94
42,11.0,140
43,9.0,138
44,7.0,94
45,18.0,147
46,16.0,151
47,12.0,137
48,11.0,153
49,24.0,210
50,19.0,161
51,10.0,119
52,11.0,140
53,18.0,173
54,11.0,140
55,13.0,147
56,9.0,126
57,7.0,134
58,11.0,151
59,2.0,56
60,4.0,41
61,12.0,159
62,13.0,172
63,5.0,67
64,12.0,136
65,12.0,123
66,48.0,431
67,-1.0,42
68,8.0,148
69,8.0,150
70,10.0,134
71,11.0,124
72,10.0,162
73,10.0,131
74,19.0,195
75,21.0,208
76,7.0,142
77,11.0,217
78,9.0,140
79,14.0,157
80,7.0,134
81,18.0,148
82,6.0,128
83,9.0,119
84,7.0,143
85,10.0,122
86,6.0,150
87,11.0,135
88,12.0,128
89,8.0,143
90,12.0,158
91,10.0,123
92,12.0,154
93,5.0,117
94,9.0,132
95,12.0,153
96,10.0,143
97,14.0,191
98,5.0,146
99,11.0,125
100,13.0,131
101,16.0,224
102,7.0,172
103,17.0,174
104,9.0,125
105,14.0,128
106,12.0,130
107,9.0,141
108,16.0,155
109,9.0,143
110,6.0,137
111,9.0,122
112,12.0,153
113,12.0,143
114,10.0,175
115,18.0,159
116,4.0,130
117,20.0,230
118,9.0,174
119,47.0,371
120,8.0,146
121,11.0,162
122,9.0,140
123,7.0,119
124,8.0,134
125,8.0,159
126,9.0,137
127,9.0,146
128,9.0,137
129,11.0,143
130,16.0,214
131,1.0,58
132,12.0,134
133,10.0,149
134,2.0,76
135,10.0,164
136,12.0,144
137,10.0,162
138,7.0,134
139,15.0,188
140,5.0,78
141,20.0,195
142,9.0,135
143,7.0,140
144,5.0,137
145,5.0,128
146,6.0,142
147,8.0,134
148,4.0,146
149,5.0,146
150,6.0,119
151,8.0,145
152,6.0,122
153,5.0,138
154,8.0,142
155,9.0,141
156,12.0,140
157,16.0,188
158,3.0,84
159,16.0,146
160,9.0,119
161,31.0,306
162,7.0,125
163,4.0,39
164,31.0,290
165,7.0,146
166,15.0,169
167,15.0,162
168,5.0,119
169,44.0,358
170,35.0,361
171,6.0,143
172,16.0,162
173,14.0,160
174,7.0,145
175,16.0,146
176,10.0,160
177,9.0,163
178,18.0,258
179,19.0,175
180,25.0,242
181,13.0,146
182,6.0,59
183,13.0,143
184,15.0,146
185,19.0,191
186,11.0,161
187,10.0,93
188,10.0,124
189,6.0,126
190,18.0,159
191,11.0,143
192,10.0,140
193,10.0,144
194,9.0,141
195,11.0,173
196,26.0,277
197,24.0,274
198,9.0,141
199,27.0,273
200,11.0,143
201,17.0,176
202,16.0,162
203,7.0,125
204,16.0,175
205,14.0,145
206,11.0,172
207,6.0,143
208,13.0,175
209,3.0,58
210,9.0,146
211,13.0,145
212,7.0,122
213,13.0,178
214,14.0,143
215,7.0,123
216,9.0,134
217,7.0,145
218,23.0,224
219,3.0,59
220,14.0,143
221,5.0,90
222,17.0,194
223,6.0,114
224,11.0,144
225,5.0,137
226,7.0,134
227,11.0,145
228,5.0,122
229,7.0,125
230,10.0,194
231,11.0,169
232,31.0,297
233,20.0,178
234,12.0,144
235,30.0,306
236,10.0,125
237,6.0,146
238,9.0,125
239,15.0,162
240,19.0,274
241,5.0,106
242,6.0,121
243,5.0,164
244,24.0,251
245,14.0,176
246,14.0,128
247,12.0,142
248,14.0,146
249,8.0,123
250,3.0,125
251,19.0,199
252,4.0,137
253,15.0,175
254,9.0,143
255,13.0,146
256,18.0,176
257,29.0,306
258,13.0,162
259,9.0,146
260,32.0,322
261,2.0,92
262,11.0,169
263,14.0,174
264,15.0,178
265,17.0,214
266,30.0,278
267,17.0,225
268,15.0,194
269,35.0,397
270,41.0,418
271,6.0,122
272,12.0,99
273,19.0,224
274,8.0,79
275,17.0,146
276,19.0,194
277,13.0,122
278,29.0,287
279,23.0,300
280,7.0,122
281,13.0,210
282,18.0,162
283,13.0,188
284,8.0,137
285,9.0,194
286,10.0,146
287,41.0,334
288,14.0,143
289,7.0,175
290,3.0,145
291,40.0,390
292,6.0,140
293,3.0,141
294,4.0,143
295,10.0,157
296,3.0,65
297,11.0,146
298,18.0,226
299,12.0,162
300,9.0,140
301,4.0,146
302,2.0,39
303,4.0,143
304,6.0,156
305,10.0,145
306,14.0,178
307,12.0,162
308,10.0,184
309,28.0,274
310,37.0,306
311,13.0,143
312,14.0,146
313,15.0,192
314,23.0,242
315,30.0,288
316,9.0,131
317,2.0,128
318,8.0,140
319,6.0,122
320,9.0,134
321,33.0,352
322,5.0,125
323,3.0,131
324,7.0,142
325,14.0,226
326,8.0,153
327,9.0,134
328,3.0,122
329,2.0,65
330,2.0,119
331,7.0,144
332,9.0,100
333,7.0,197
334,6.0,122
335,3.0,107
336,7.0,131
337,4.0,125
338,5.0,141
339,35.0,384
340,20.0,177
341,8.0,125
342,5.0,119
343,1.0,59
344,2.0,67
345,3.0,163
346,16.0,148
347,5.0,125
348,7.0,124
349,7.0,124
350,4.0,79
351,4.0,128
352,5.0,86
353,6.0,128
354,15.0,160
355,43.0,2000
356,14.0,170
357,15.0,160
358,9.0,131
359,11.0,144
360,11.0,128
361,7.0,140
362,8.0,122
363,7.0,121
364,13.0,125
365,3.0,70
366,9.0,122
367,7.0,172
368,10.0,138
369,8.0,125
370,8.0,143
371,17.0,128
372,9.0,138
373,19.0,207
374,10.0,172
375,8.0,144
376,8.0,125
377,4.0,121
378,9.0,122
379,9.0,173
380,4.0,113
381,10.0,140
382,11.0,143
383,8.0,157
384,7.0,144
385,23.0,210
386,8.0,154
387,6.0,117
388,3.0,119
389,5.0,158
390,6.0,170
391,7.0,170
392,6.0,144
393,10.0,131
394,4.0,122
395,43.0,332
396,44.0,334
397,42.0,331
398,8.0,154
399,2.0,119
400,6.0,111
401,25.0,242
402,17.0,162
403,12.0,146
404,7.0,135
405,1.0,198
406,43.0,376
407,45.0,334
408,42.0,334
409,10.0,144
410,24.0,272
411,24.0,273
412,28.0,296
413,42.0,344
414,41.0,334
415,42.0,2000
416,36.0,409
417,15.0,220
418,7.0,156
419,42.0,334
420,7.0,133
421,4.0,119
422,39.0,2000
423,14.0,178
424,3.0,122
425,5.0,121
426,18.0,185
427,39.0,383
428,7.0,141
429,10.0,125
430,37.0,368
431,33.0,306
432,20.0,249
433,4.0,84
434,20.0,175
435,26.0,236
436,4.0,119
437,27.0,220
438,17.0,144
439,38.0,416
440,7.0,170
441,14.0,144
442,16.0,146
443,16.0,146
444,11.0,134
445,12.0,143
446,8.0,141
447,11.0,119
448,11.0,141
449,10.0,145
450,4.0,158
451,9.0,123
452,25.0,322
453,4.0,65
454,12.0,256
455,2.0,24
456,6.0,173
457,7.0,141
458,8.0,125
459,6.0,140
460,6.0,189
461,9.0,125
462,14.0,156
463,9.0,138
464,6.0,141
465,7.0,141
466,1.0,89
467,9.0,144
468,8.0,114
469,8.0,116
470,9.0,144
471,13.0,189
472,8.0,138
473,10.0,144
474,9.0,176
475,7.0,119
476,7.0,157
477,9.0,154
478,7.0,167
479,8.0,144
480,10.0,128
481,10.0,146
482,18.0,239
483,9.0,160
484,43.0,393
485,3.0,87
486,44.0,345
487,8.0,205
488,8.0,135
489,11.0,146
490,19.0,191
491,7.0,119
492,6.0,189
493,14.0,146
494,16.0,178
495,17.0,178
496,44.0,330
497,8.0,169
498,44.0,345
499,16.0,178
500,15.0,175
501,17.0,152
502,44.0,334
503,25.0,299
504,12.0,178
505,46.0,334
506,6.0,134
507,48.0,374
508,47.0,334
509,5.0,39
510,17.0,200
511,27.0,241
512,25.0,256
513,15.0,144
514,11.0,142
515,7.0,119
516,33.0,304
517,39.0,402
518,15.0,146
519,13.0,146
520,15.0,146
521,18.0,178
522,17.0,193
523,11.0,162
524,17.0,191
525,15.0,146
526,3.0,145
527,3.0,96
528,9.0,146
529,8.0,199
530,10.0,178
531,15.0,190
532,17.0,193
533,25.0,281
534,6.0,125
535,13.0,194
536,3.0,61
537,19.0,208
538,7.0,73
539,45.0,377
540,8.0,131
541,9.0,150
542,9.0,144
543,41.0,402
544,40.0,402
545,8.0,119
546,7.0,167
547,8.0,119
548,8.0,119
549,27.0,238
550,1.0,90
551,17.0,188
552,44.0,334
553,42.0,334
554,44.0,334
555,41.0,418
556,41.0,447
557,44.0,393
558,42.0,334
559,44.0,334
560,8.0,157
561,41.0,334
562,44.0,334
563,44.0,334
564,44.0,334
565,44.0,334
566,23.0,176
567,39.0,338
568,35.0,338
569,41.0,417
570,44.0,331
571,44.0,345
572,44.0,393
573,44.0,334
574,39.0,330
575,44.0,334
576,44.0,334
577,44.0,377
578,44.0,334
579,44.0,334
580,9.0,71
581,44.0,334
582,44.0,334
583,41.0,400
584,17.0,175
585,44.0,394
586,13.0,162
587,17.0,192
588,13.0,162
589,5.0,70
590,39.0,399
591,15.0,146
592,9.0,146
593,11.0,143
594,15.0,146
595,29.0,306
596,44.0,393
597,44.0,393
598,33.0,351
599,27.0,318
600,9.0,143
601,29.0,303
602,37.0,386
603,15.0,207
604,5.0,121
605,13.0,162
606,17.0,162
607,39.0,386
608,7.0,143
609,15.0,161
610,5.0,94
611,44.0,335
612,44.0,335
613,15.0,162
614,23.0,257
615,41.0,418
616,44.0,335
617,44.0,335
618,19.0,176
619,29.0,319
620,9.0,182
621,9.0,128
622,21.0,239
623,9.0,143
624,9.0,144
625,11.0,188
626,11.0,188
627,11.0,143
628,17.0,178
629,11.0,162
630,25.0,256
631,11.0,159
632,11.0,162
633,19.0,225
634,31.0,284
635,7.0,160
636,9.0,122
637,12.0,157
638,10.0,247
639,5.0,143
640,9.0,119
641,11.0,143
642,11.0,171
643,9.0,119
644,9.0,122
645,13.0,178
646,13.0,146
647,13.0,175
648,15.0,159
649,29.0,367
650,10.0,138
651,9.0,121
652,10.0,215
653,10.0,202
654,10.0,136
655,9.0,121
656,10.0,122
657,11.0,146
658,15.0,137
659,10.0,162
660,15.0,207
661,11.0,210
662,15.0,175
663,35.0,400
664,9.0,159
665,9.0,145
666,35.0,367
667,27.0,257
668,15.0,178
669,13.0,145
670,39.0,418
671,13.0,145
672,12.0,143
673,17.0,214
674,4.0,160
675,13.0,191
676,17.0,159
677,41.0,400
678,44.0,359
679,15.0,143
680,44.0,334
681,27.0,274
682,21.0,191
683,19.0,175
684,39.0,335
685,44.0,334
686,33.0,315
687,19.0,175
688,42.0,2000
689,11.0,175
690,12.0,191
691,15.0,190
692,8.0,136
693,17.0,178
694,9.0,135
695,9.0,140
696,11.0,159
697,15.0,176
698,11.0,156
699,18.0,207
700,27.0,321
701,11.0,175
702,12.0,242
703,3.0,150
704,11.0,155
705,13.0,140
706,13.0,140
707,13.0,162
708,31.0,322
709,44.0,389
710,33.0,318
711,42.0,2000
712,17.0,178
713,31.0,290
714,11.0,143
715,15.0,142
716,40.0,2000
717,40.0,415
718,12.0,189
719,9.0,119
720,42.0,416
721,9.0,125
722,20.0,191
723,14.0,143
724,19.0,175
725,12.0,132
726,13.0,143
727,38.0,338
728,42.0,448
729,20.0,176
730,34.0,290
731,47.0,374
732,16.0,143
733,47.0,337
734,47.0,337
735,47.0,337
736,45.0,2000
737,32.0,304
738,16.0,143
739,18.0,197
740,47.0,361
741,44.0,373
742,19.0,161
743,14.0,317
744,13.0,158
745,12.0,173
746,14.0,157
747,16.0,175
748,11.0,173
749,11.0,288
750,41.0,418
751,37.0,402
752,13.0,121
753,18.0,168
754,16.0,175
755,16.0,144
756,27.0,238
757,16.0,144
758,14.0,138
759,20.0,305
760,20.0,188
761,8.0,137
762,20.0,223
763,20.0,206
764,11.0,145
765,22.0,207
766,20.0,204
767,14.0,174
768,4.0,144
769,10.0,143
770,18.0,178
771,11.0,146
772,29.0,367
773,14.0,160
774,40.0,351
775,4.0,36
776,43.0,414
777,44.0,377
778,16.0,143
779,12.0,143
780,12.0,162
781,15.0,146
782,44.0,334
783,44.0,334
784,44.0,337
785,44.0,334
786,44.0,334
787,44.0,334
788,45.0,334
789,35.0,370
790,15.0,170
791,43.0,337
792,44.0,333
793,5.0,122
794,44.0,338
795,22.0,239
796,37.0,386
797,44.0,338
798,10.0,146
799,43.0,338
800,44.0,338
801,13.0,214
802,2.0,44
803,36.0,418
804,12.0,156
805,43.0,377
806,42.0,377
807,30.0,322
808,14.0,201
809,4.0,146
810,41.0,2000
811,35.0,434
812,15.0,159
813,39.0,418
814,16.0,175
815,11.0,175
816,13.0,177
817,29.0,338
818,16.0,175
819,29.0,271
820,24.0,226
821,10.0,144
822,19.0,207
823,27.0,322
824,16.0,146
825,17.0,141
826,13.0,125
827,27.0,239
828,8.0,72
829,14.0,182
830,12.0,125
831,17.0,143
832,13.0,158
833,39.0,423
834,13.0,117
835,11.0,176
836,11.0,192
837,7.0,144
838,18.0,189
839,13.0,138
840,18.0,188
841,18.0,195
842,9.0,146
843,10.0,97
844,12.0,125
845,16.0,191
846,13.0,122
847,12.0,136
848,8.0,68
849,18.0,226
850,11.0,146
851,16.0,191
852,12.0,134
853,11.0,182
854,13.0,141
855,13.0,186
856,13.0,128
857,13.0,285
858,13.0,135
859,16.0,146
860,17.0,191
861,12.0,125
862,12.0,122
863,15.0,203
864,17.0,234
865,19.0,310
866,12.0,97
867,19.0,201
868,33.0,319
869,13.0,125
870,11.0,122
871,21.0,281
872,19.0,192
873,19.0,172
874,22.0,208
875,14.0,160
876,11.0,122
877,10.0,121
878,11.0,104
879,4.0,227
880,14.0,174
881,22.0,252
882,35.0,420
883,19.0,178
884,45.0,335
885,21.0,194
886,23.0,175
887,39.0,380
888,23.0,249
889,19.0,194
890,44.0,335
891,31.0,303
892,44.0,335
893,44.0,335
894,45.0,335
895,35.0,320
896,44.0,334
897,44.0,334
898,44.0,334
899,44.0,338
900,44.0,334
901,44.0,334
902,29.0,287
903,34.0,448
904,1.0,75
905,13.0,128
906,19.0,252
907,11.0,175
908,43.0,361
909,41.0,450
910,44.0,377
911,16.0,193
912,34.0,305
913,11.0,141
914,44.0,333
915,9.0,125
916,17.0,191
917,43.0,333
918,43.0,338
919,19.0,207
920,44.0,333
921,44.0,337
922,24.0,257
923,44.0,345
924,44.0,377
925,44.0,338
926,39.0,383
927,44.0,377
928,44.0,338
929,15.0,174
930,8.0,104
931,20.0,226
932,34.0,349
933,26.0,271
934,41.0,334
935,13.0,207
936,16.0,143
937,44.0,334
938,42.0,334
939,16.0,223
940,12.0,153
941,8.0,146
942,19.0,194
943,43.0,393
944,43.0,2000
945,13.0,170
946,13.0,146
947,12.0,162
948,8.0,141
949,6.0,147
950,12.0,185
951,21.0,210
952,9.0,144
953,10.0,201
954,11.0,182
955,11.0,191
956,11.0,185
957,5.0,85
958,20.0,220
959,8.0,138
960,14.0,175
961,10.0,182
962,7.0,134
963,4.0,84
964,10.0,166
965,5.0,111
966,9.0,141
967,10.0,166
968,14.0,161
969,39.0,418
970,39.0,402
971,28.0,290
972,42.0,2000
973,17.0,209
974,16.0,162
975,15.0,178
976,39.0,394
977,26.0,252
978,17.0,143
979,37.0,370
980,11.0,146
981,3.0,144
982,3.0,146
983,5.0,81
984,11.0,156
985,7.0,102
986,9.0,175
987,18.0,210
988,44.0,374
989,40.0,2000
990,9.0,162
991,30.0,271
992,27.0,332
993,18.0,207
994,4.0,85
995,13.0,223
996,6.0,198
997,7.0,147
998,16.0,220
999,14.0,217
1000,11.0,165
1001,8.0,125
1002,11.0,141
1003,11.0,163
1004,9.0,156
1005,5.0,153
1006,7.0,144
1007,9.0,157
1008,10.0,155
1009,9.0,149
1010,7.0,137
1011,8.0,153
1012,9.0,192
1013,8.0,125
1014,7.0,140
1015,8.0,122
1016,19.0,207
1017,17.0,175
1018,15.0,174
1019,13.0,210
1020,21.0,162
1021,13.0,102
1022,3.0,125
1023,10.0,174
1024,11.0,164
1025,19.0,169
1026,2.0,41
1027,18.0,255
1028,13.0,162
1029,19.0,178
1030,45.0,336
1031,6.0,182
1032,10.0,176
1033,45.0,378
1034,31.0,271
1035,16.0,239
1036,14.0,157
1037,10.0,119
1038,12.0,195
1039,42.0,334
1040,43.0,334
1041,32.0,339
1042,43.0,334
1043,36.0,384
1044,27.0,310
1045,42.0,334
1046,13.0,146
1047,42.0,396
1048,10.0,87
1049,43.0,347
1050,31.0,271
1051,43.0,334
1052,20.0,175
1053,10.0,157
1054,19.0,218
1055,16.0,189
1056,29.0,343
1057,18.0,175
1058,16.0,189
1059,37.0,351
1060,43.0,377
1061,44.0,334
1062,42.0,334
1063,43.0,361
1064,42.0,334
1065,38.0,434
1066,43.0,334
1067,43.0,334
1068,24.0,210
1069,43.0,395
1070,11.0,175
1071,18.0,175
1072,43.0,334
1073,43.0,393
1074,43.0,334
1075,14.0,159
1076,26.0,253
1077,43.0,334
1078,20.0,194
1079,24.0,255
1080,18.0,194
1081,43.0,393
1082,26.0,284
1083,17.0,215
1084,23.0,255
1085,32.0,302
1086,34.0,322
1087,17.0,201
1088,43.0,393
1089,46.0,334
1090,33.0,303
1091,44.0,343
1092,33.0,303
1093,15.0,175
1094,43.0,377
1095,11.0,197
1096,13.0,175
1097,38.0,434
1098,16.0,258
1099,6.0,139
1100,28.0,303
1101,38.0,402
1102,40.0,418
1103,20.0,220
1104,10.0,146
1105,28.0,274
1106,28.0,303
1107,43.0,334
1108,38.0,397
1109,36.0,386
1110,23.0,258
1111,10.0,146
1112,16.0,191
1113,46.0,334
1114,8.0,108
1115,20.0,223
1116,28.0,258
1117,42.0,2000
1118,10.0,174
1119,4.0,140
1120,16.0,178
1121,6.0,146
1122,14.0,145
1123,38.0,418
1124,38.0,418
1125,14.0,141
1126,38.0,396
1127,20.0,226
1128,12.0,210
1129,16.0,174
1130,24.0,287
1131,15.0,137
1132,42.0,393
1133,15.0,176
1134,34.0,399
1135,14.0,128
1136,43.0,330
1137,32.0,290
1138,28.0,271
1139,33.0,320
1140,36.0,399
1141,37.0,351
1142,43.0,415
1143,41.0,402
1144,10.0,162
1145,10.0,177
1146,10.0,161
1147,6.0,162
1148,19.0,254
1149,13.0,143
1150,10.0,178
1151,6.0,94
1152,10.0,135
1153,12.0,172
1154,4.0,94
1155,29.0,306
1156,28.0,352
1157,10.0,193
1158,4.0,143
1159,14.0,185
1160,22.0,272
1161,40.0,2000
1162,33.0,306
1163,12.0,162
1164,9.0,175
1165,11.0,160
1166,25.0,285
1167,10.0,160
1168,26.0,274
1169,22.0,262
1170,32.0,271
1171,21.0,191
1172,39.0,426
1173,14.0,143
1174,17.0,269
1175,42.0,397
1176,10.0,143
1177,15.0,146
1178,18.0,284
1179,9.0,143
1180,14.0,203
1181,16.0,249
1182,13.0,159
1183,15.0,159
1184,29.0,302
1185,4.0,121
1186,37.0,367
1187,39.0,418
1188,14.0,194
1189,22.0,207
1190,29.0,288
1191,16.0,186
1192,16.0,143
1193,15.0,194
1194,42.0,2000
1195,29.0,222
1196,31.0,238
1197,44.0,2000
1198,29.0,298
1199,43.0,393
1200,41.0,409
1201,28.0,226
1202,9.0,116
1203,13.0,192
1204,11.0,125
1205,19.0,249
1206,50.0,2000
1207,26.0,207
1208,11.0,243
1209,11.0,230
1210,49.0,393
1211,46.0,402
1212,12.0,115
1213,42.0,359
1214,47.0,2000
1215,16.0,146
1216,14.0,140
1217,15.0,146
1218,18.0,190
1219,12.0,198
1220,16.0,267
1221,19.0,189
1222,12.0,209
1223,43.0,394
1224,8.0,115
1225,20.0,162
1226,20.0,191
1227,9.0,184
1228,16.0,159
1229,30.0,289
1230,28.0,290
1231,34.0,382
1232,43.0,337
1233,40.0,400
1234,28.0,306
1235,36.0,399
1236,37.0,2000
1237,28.0,321
1238,30.0,383
1239,15.0,160
1240,12.0,143
1241,12.0,146
1242,12.0,145
1243,10.0,139
1244,18.0,209
1245,2.0,109
1246,3.0,173
1247,14.0,122
1248,22.0,178
1249,42.0,447
1250,46.0,449
1251,42.0,415
1252,36.0,303
1253,10.0,128
1254,16.0,130
1255,16.0,162
1256,40.0,447
1257,2.0,140
1258,18.0,159
1259,16.0,143
1260,18.0,159
1261,18.0,159
1262,18.0,159
1263,44.0,450
1264,38.0,429
1265,12.0,143
1266,38.0,429
1267,10.0,112
1268,38.0,444
1269,14.0,142
1270,41.0,2000
1271,30.0,273
1272,12.0,128
1273,29.0,273
1274,14.0,143
1275,12.0,175
1276,12.0,145
1277,16.0,143
1278,32.0,287
1279,18.0,159
1280,42.0,434
1281,13.0,143
1282,42.0,448
1283,17.0,162
1284,14.0,145
1285,16.0,159
1286,17.0,194
1287,12.0,146
1288,14.0,159
1289,6.0,82
1290,16.0,145
1291,19.0,193
1292,20.0,194
1293,17.0,159
1294,17.0,178
1295,6.0,64
1296,16.0,188
1297,3.0,124
1298,16.0,143
1299,10.0,113
1300,20.0,239
1301,24.0,223
1302,14.0,162
1303,18.0,143
1304,18.0,160
1305,14.0,146
1306,6.0,87
1307,6.0,195
1308,6.0,41
1309,27.0,255
1310,14.0,147
1311,19.0,190
1312,10.0,121
1313,13.0,197
1314,10.0,125
1315,18.0,158
1316,19.0,138
1317,15.0,145
1318,20.0,205
1319,10.0,150
1320,14.0,143
1321,20.0,207
1322,20.0,210
1323,9.0,128
1324,11.0,85
1325,14.0,142
1326,17.0,201
1327,11.0,146
1328,20.0,189
1329,14.0,275
1330,17.0,119
1331,15.0,122
1332,18.0,159
1333,13.0,142
1334,12.0,146
1335,19.0,151
1336,4.0,134
1337,17.0,217
1338,6.0,59
1339,7.0,131
1340,18.0,191
1341,12.0,142
1342,17.0,188
1343,26.0,239
1344,15.0,178
1345,16.0,162
1346,12.0,158
1347,24.0,237
1348,13.0,159
1349,5.0,304
1350,5.0,134
1351,22.0,240
1352,20.0,193
1353,14.0,268
1354,16.0,139
1355,16.0,150
1356,14.0,154
1357,24.0,239
1358,21.0,223
1359,18.0,173
1360,33.0,364
1361,6.0,153
1362,20.0,223
1363,7.0,125
1364,15.0,138
1365,9.0,141
1366,6.0,166
1367,12.0,146
1368,29.0,290
1369,44.0,346
1370,19.0,205
1371,39.0,446
1372,18.0,209
1373,12.0,178
1374,13.0,166
1375,6.0,157
1376,5.0,205
1377,17.0,122
1378,15.0,163
1379,39.0,446
1380,12.0,137
1381,7.0,125
1382,12.0,161
1383,17.0,162
1384,6.0,143
1385,9.0,144
1386,13.0,159
1387,19.0,223
1388,11.0,143
1389,9.0,162
1390,8.0,142
1391,7.0,125
1392,12.0,143
1393,8.0,164
1394,30.0,250
1395,19.0,262
1396,18.0,205
1397,8.0,67
1398,8.0,66
1399,38.0,320
1400,6.0,131
1401,17.0,161
1402,10.0,278
1403,11.0,103
1404,9.0,84
1405,12.0,159
1406,9.0,111
1407,8.0,190
1408,6.0,161
1409,9.0,107
1410,6.0,141
1411,19.0,131
1412,6.0,175
1413,10.0,128
1414,10.0,128
1415,13.0,147
1416,9.0,174
1417,7.0,143
1418,7.0,143
1419,40.0,399
1420,43.0,334
1421,43.0,334
1422,44.0,394
1423,13.0,133
1424,30.0,272
1425,24.0,208
1426,11.0,178
1427,20.0,116
1428,17.0,164
1429,18.0,198
1430,16.0,144
1431,21.0,209
1432,24.0,201
1433,3.0,30
1434,8.0,125
1435,24.0,128
1436,24.0,192
1437,21.0,207
1438,16.0,151
1439,17.0,353
1440,16.0,178
1441,36.0,386
1442,16.0,130
1443,19.0,224
1444,13.0,147
1445,10.0,80
1446,24.0,242
1447,16.0,125
1448,12.0,153
1449,9.0,125
1450,5.0,183
1451,13.0,144
1452,47.0,333
1453,12.0,161
1454,20.0,223
1455,16.0,144
1456,12.0,143
1457,8.0,140
1458,13.0,278
1459,10.0,115
1460,48.0,429
1461,15.0,176
1462,13.0,143
1463,16.0,144
1464,23.0,208
1465,16.0,162
1466,14.0,137
1467,19.0,144
1468,14.0,142
1469,14.0,140
1470,10.0,85
1471,17.0,177
1472,19.0,207
1473,8.0,65
1474,21.0,177
1475,13.0,137
1476,18.0,257
1477,15.0,182
1478,24.0,226
1479,16.0,157
1480,10.0,68
1481,14.0,239
1482,16.0,208
1483,20.0,178
1484,9.0,134
1485,16.0,162
1486,15.0,128
1487,17.0,159
1488,24.0,289
1489,13.0,138
1490,28.0,271
1491,20.0,162
1492,43.0,362
1493,8.0,145
1494,10.0,68
1495,33.0,346
1496,11.0,161
1497,10.0,144
1498,7.0,128
1499,16.0,262
1500,41.0,415
1501,43.0,377
1502,43.0,334
1503,43.0,334
1504,4.0,43
1505,49.0,334
1506,43.0,334
1507,43.0,334
1508,43.0,334
1509,43.0,334
1510,31.0,338
1511,2.0,154
1512,24.0,194
1513,50.0,337
1514,43.0,334
1515,37.0,370
1516,28.0,306
1517,43.0,394
1518,43.0,378
1519,26.0,256
1520,20.0,223
1521,43.0,378
1522,43.0,378
1523,40.0,450
1524,43.0,333
1525,43.0,334
1526,17.0,139
1527,20.0,162
1528,17.0,211
1529,13.0,220
1530,14.0,146
1531,37.0,338
1532,38.0,370
1533,19.0,160
1534,4.0,98
1535,11.0,110
1536,17.0,158
1537,44.0,401
1538,44.0,434
1539,44.0,2000
1540,47.0,334
1541,47.0,334
1542,43.0,334
1543,43.0,334
1544,43.0,334
1545,40.0,434
1546,40.0,430
1547,40.0,434
1548,14.0,162
1549,17.0,224
1550,43.0,379
1551,43.0,334
1552,38.0,337
1553,43.0,334
1554,43.0,334
1555,43.0,334
1556,14.0,144
1557,24.0,242
1558,43.0,334
1559,22.0,223
1560,30.0,284
1561,14.0,162
1562,32.0,287
1563,43.0,334
1564,43.0,377
1565,43.0,334
1566,43.0,334
1567,43.0,338
1568,38.0,365
1569,40.0,415
1570,43.0,358
1571,43.0,338
1572,43.0,338
1573,0.0,195
1574,14.0,141
1575,11.0,140
1576,49.0,390
1577,44.0,395
1578,7.0,128
1579,14.0,144
1580,33.0,450
1581,43.0,338
1582,42.0,361
1583,24.0,273
1584,22.0,242
1585,43.0,338
1586,36.0,310
1587,16.0,191
1588,18.0,191
1589,43.0,393
1590,43.0,377
1591,34.0,306
1592,43.0,377
1593,43.0,334
1594,43.0,334
1595,42.0,334
1596,43.0,334
1597,38.0,434
1598,16.0,157
1599,38.0,450
1600,15.0,144
1601,26.0,258
1602,12.0,157
1603,22.0,274
1604,14.0,135
1605,8.0,153
1606,12.0,113
1607,19.0,157
1608,26.0,226
1609,18.0,144
1610,16.0,119
1611,14.0,141
1612,35.0,256
1613,10.0,160
1614,16.0,140
1615,26.0,223
1616,30.0,399
1617,39.0,348
1618,26.0,239
1619,28.0,271
1620,27.0,175
1621,37.0,297
1622,26.0,186
1623,20.0,204
1624,20.0,119
1625,16.0,194
1626,14.0,154
1627,21.0,209
1628,18.0,143
1629,17.0,124
1630,17.0,122
1631,17.0,188
1632,8.0,156
1633,24.0,192
1634,12.0,138
1635,20.0,210
1636,27.0,329
1637,20.0,115
1638,20.0,287
1639,15.0,116
1640,13.0,125
1641,19.0,176
1642,8.0,128
1643,18.0,162
1644,13.0,207
1645,13.0,128
1646,18.0,153
1647,18.0,200
1648,16.0,143
1649,11.0,142
1650,41.0,332
1651,32.0,354
1652,12.0,178
1653,30.0,306
1654,43.0,397
1655,29.0,290
1656,39.0,370
1657,17.0,191
1658,14.0,143
1659,28.0,266
1660,8.0,130
1661,10.0,143
1662,12.0,143
1663,10.0,146
1664,43.0,337
1665,43.0,327
1666,22.0,223
1667,43.0,2000
1668,17.0,150
1669,10.0,146
1670,10.0,143
1671,12.0,143
1672,19.0,227
1673,40.0,428
1674,43.0,2000
1675,43.0,2000
1676,6.0,159
1677,12.0,144
1678,8.0,143
1679,16.0,173
1680,10.0,159
1681,12.0,194
1682,10.0,162
1683,11.0,153
1684,22.0,151
1685,10.0,158
1686,49.0,365
1687,22.0,162
1688,30.0,303
1689,41.0,435
1690,31.0,276
1691,25.0,298
1692,40.0,375
1693,38.0,278
1694,42.0,450
1695,45.0,394
1696,38.0,312
1697,14.0,143
1698,31.0,317
1699,15.0,143
1700,40.0,409
1701,9.0,157
1702,37.0,335
1703,32.0,271
1704,41.0,402
1705,44.0,395
1706,41.0,400
1707,33.0,322
1708,36.0,338
1709,26.0,281
1710,43.0,346
1711,43.0,338
1712,43.0,338
1713,43.0,338
1714,15.0,188
1715,28.0,273
1716,41.0,2000
1717,25.0,274
1718,40.0,430
1719,40.0,447
1720,43.0,394
1721,43.0,333
1722,43.0,361
1723,43.0,338
1724,43.0,338
1725,43.0,338
1726,43.0,338
1727,41.0,2000
1728,43.0,2000
1729,20.0,222
1730,10.0,141
1731,10.0,143
1732,43.0,338
1733,10.0,140
1734,43.0,338
1735,14.0,146
1736,43.0,338
1737,43.0,338
1738,36.0,303
1739,20.0,194
1740,12.0,145
1741,26.0,258
1742,43.0,333
1743,22.0,223
1744,28.0,274
1745,28.0,285
1746,36.0,321
1747,8.0,143
1748,17.0,159
1749,34.0,386
1750,29.0,303
1751,36.0,399
1752,36.0,402
1753,36.0,383
1754,13.0,140
1755,44.0,334
1756,43.0,334
1757,44.0,334
1758,11.0,143
1759,10.0,140
1760,43.0,334
1761,42.0,335
1762,42.0,334
1763,42.0,334
1764,40.0,429
1765,43.0,336
1766,14.0,142
1767,37.0,443
1768,41.0,398
1769,13.0,143
1770,37.0,402
1771,15.0,162
1772,42.0,332
1773,39.0,399
1774,42.0,333
1775,27.0,271
1776,39.0,432
1777,35.0,412
1778,35.0,399
1779,40.0,399
1780,13.0,146
1781,37.0,402
1782,37.0,415
1783,37.0,447
1784,11.0,159
1785,35.0,434
1786,35.0,400
1787,29.0,335
1788,13.0,161
1789,35.0,399
1790,35.0,399
1791,38.0,2000
1792,9.0,143
1793,11.0,143
1794,35.0,399
1795,31.0,399
1796,20.0,218
1797,27.0,386
1798,9.0,146
1799,7.0,146
1800,4.0,140
1801,17.0,220
1802,18.0,175
1803,2.0,24
1804,17.0,218
1805,12.0,135
1806,12.0,148
1807,16.0,192
1808,11.0,125
1809,14.0,159
1810,17.0,223
1811,22.0,286
1812,20.0,202
1813,14.0,135
1814,44.0,365
1815,43.0,335
1816,16.0,185
1817,32.0,384
1818,10.0,135
1819,5.0,91
1820,23.0,231
1821,39.0,432
1822,7.0,146
1823,29.0,297
1824,3.0,80
1825,16.0,239
1826,24.0,267
1827,15.0,178
1828,11.0,178
1829,36.0,380
1830,5.0,131
1831,13.0,141
1832,4.0,131
1833,3.0,94
1834,17.0,194
1835,9.0,146
1836,36.0,415
1837,34.0,305
1838,14.0,207
1839,7.0,143
1840,25.0,241
1841,30.0,289
1842,39.0,433
1843,41.0,2000
1844,9.0,137
1845,39.0,434
1846,32.0,370
1847,23.0,271
1848,15.0,187
1849,39.0,401
1850,9.0,125
1851,25.0,257
1852,11.0,143
1853,41.0,2000
1854,41.0,2000
1855,9.0,146
1856,37.0,415
1857,33.0,344
1858,18.0,256
1859,13.0,142
1860,17.0,200
1861,34.0,386
1862,40.0,2000
1863,42.0,335
1864,42.0,335
1865,42.0,335
1866,42.0,377
1867,39.0,447
1868,42.0,393
1869,42.0,393
1870,42.0,345
1871,38.0,398
1872,42.0,393
1873,39.0,2000
1874,42.0,345
1875,42.0,361
1876,42.0,333
1877,42.0,335
1878,42.0,334
1879,42.0,332
1880,42.0,334
1881,42.0,334
1882,42.0,335
1883,42.0,334
1884,39.0,398
1885,38.0,418
1886,39.0,450
1887,40.0,2000
1888,43.0,372
1889,43.0,2000
1890,39.0,434
1891,42.0,393
1892,1.0,56
1893,39.0,433
1894,40.0,2000
1895,43.0,337
1896,26.0,255
1897,17.0,273
1898,3.0,128
1899,14.0,226
1900,10.0,162
1901,18.0,207
1902,11.0,161
1903,23.0,258
1904,15.0,162
1905,15.0,178
1906,13.0,160
1907,31.0,303
1908,10.0,158
1909,29.0,364
1910,20.0,253
1911,17.0,239
1912,10.0,152
1913,16.0,223
1914,24.0,133
1915,18.0,138
1916,10.0,128
1917,8.0,143
1918,6.0,137
1919,5.0,115
1920,10.0,143
1921,21.0,225
1922,5.0,119
1923,5.0,122
1924,3.0,128
1925,4.0,128
1926,6.0,208
1927,4.0,128
1928,12.0,204
1929,4.0,205
1930,4.0,141
1931,12.0,158
1932,22.0,220
1933,23.0,224
1934,42.0,391
1935,13.0,159
1936,15.0,146
1937,5.0,99
1938,17.0,191
1939,17.0,175
1940,11.0,159
1941,19.0,191
1942,23.0,239
1943,11.0,177
1944,16.0,146
1945,17.0,178
1946,42.0,2000
1947,17.0,175
1948,20.0,223
1949,13.0,175
1950,9.0,145
1951,41.0,428
1952,5.0,158
1953,24.0,271
1954,26.0,370
1955,20.0,287
1956,9.0,188
1957,29.0,368
1958,22.0,306
1959,6.0,125
1960,13.0,143
1961,14.0,170
1962,35.0,354
1963,23.0,281
1964,41.0,402
1965,37.0,425
1966,41.0,2000
1967,33.0,432
1968,39.0,2000
1969,27.0,287
1970,39.0,412
1971,42.0,388
1972,43.0,392
1973,10.0,143
1974,27.0,271
1975,42.0,362
1976,17.0,217
1977,22.0,274
1978,39.0,418
1979,11.0,238
1980,9.0,140
1981,19.0,255
1982,33.0,338
1983,16.0,193
1984,9.0,191
1985,35.0,354
1986,17.0,193
1987,16.0,161
1988,30.0,320
1989,26.0,317
1990,9.0,159
1991,15.0,170
1992,5.0,174
1993,15.0,159
1994,28.0,318
1995,43.0,371
1996,13.0,169
1997,42.0,362
1998,42.0,388
1999,33.0,383
2000,43.0,356
2001,43.0,356
2002,13.0,161
2003,33.0,385
2004,29.0,279
2005,9.0,143
2006,15.0,191
2007,33.0,344
2008,37.0,415
2009,43.0,357
2010,29.0,306
2011,43.0,357
2012,34.0,370
2013,38.0,399
2014,17.0,178
2015,42.0,415
2016,44.0,356
2017,43.0,373
2018,17.0,178
2019,40.0,433
2020,24.0,258
2021,8.0,146
2022,34.0,399
2023,12.0,146
2024,29.0,367
2025,16.0,175
2026,10.0,142
2027,34.0,303
2028,43.0,375
2029,43.0,2000
2030,43.0,357
2031,43.0,338
2032,41.0,431
2033,18.0,191
2034,16.0,161
2035,17.0,192
2036,14.0,146
2037,44.0,2000
2038,40.0,396
2039,43.0,389
2040,24.0,223
2041,24.0,223
2042,29.0,338
2043,40.0,429
2044,14.0,176
2045,8.0,159
2046,12.0,194
2047,11.0,146
2048,9.0,146
2049,5.0,113
2050,42.0,394
2051,37.0,2000
2052,43.0,377
2053,43.0,393
2054,43.0,2000
2055,43.0,2000
2056,20.0,223
2057,43.0,388
2058,43.0,393
2059,24.0,248
2060,38.0,369
2061,15.0,128
2062,7.0,141
2063,19.0,187
2064,2.0,56
2065,12.0,138
2066,10.0,118
2067,10.0,122
2068,10.0,125
2069,14.0,223
2070,14.0,146
2071,32.0,287
2072,30.0,336
2073,14.0,149
2074,6.0,78
2075,30.0,272
2076,43.0,377
2077,43.0,329
2078,26.0,270
2079,17.0,191
2080,43.0,333
2081,16.0,210
2082,16.0,206
2083,35.0,415
2084,43.0,2000
2085,36.0,429
2086,44.0,338
2087,10.0,108
2088,43.0,393
2089,20.0,190
2090,18.0,191
2091,15.0,177
2092,37.0,367
2093,44.0,394
2094,34.0,303
2095,31.0,290
2096,19.0,191
2097,20.0,193
2098,15.0,190
2099,36.0,418
2100,44.0,389
2101,16.0,141
2102,27.0,271
2103,35.0,441
2104,29.0,287
2105,10.0,140
2106,29.0,253
2107,8.0,147
2108,20.0,226
2109,7.0,179
2110,3.0,58
2111,13.0,158
2112,7.0,162
2113,25.0,273
2114,40.0,415
2115,31.0,307
2116,30.0,328
2117,45.0,334
2118,6.0,125
2119,16.0,143
2120,22.0,239
2121,21.0,207
2122,6.0,112
2123,6.0,145
2124,19.0,188
2125,1.0,39
2126,44.0,331
2127,24.0,274
2128,25.0,274
2129,35.0,336
2130,6.0,166
2131,12.0,143
2132,17.0,178
2133,9.0,178
2134,18.0,192
2135,13.0,191
2136,13.0,191
2137,14.0,207
2138,6.0,143
2139,43.0,334
2140,43.0,334
2141,43.0,334
2142,39.0,2000
2143,32.0,334
2144,40.0,434
2145,6.0,146
2146,11.0,172
2147,16.0,190
2148,41.0,418
2149,40.0,445
2150,31.0,344
2151,28.0,254
2152,32.0,382
2153,12.0,190
2154,15.0,162
2155,42.0,2000
2156,22.0,270
2157,39.0,398
2158,34.0,423
2159,15.0,194
2160,26.0,274
2161,22.0,258
2162,15.0,178
2163,34.0,2000
2164,11.0,159
2165,24.0,272
2166,43.0,331
2167,36.0,367
2168,43.0,331
2169,16.0,242
2170,4.0,137
2171,38.0,416
2172,43.0,331
2173,43.0,335
2174,43.0,331
2175,40.0,417
2176,42.0,430
2177,43.0,335
2178,43.0,330
2179,42.0,2000
2180,16.0,191
2181,43.0,335
2182,35.0,352
2183,2.0,44
2184,12.0,161
2185,2.0,44
2186,21.0,254
2187,13.0,193
2188,42.0,334
2189,43.0,334
2190,40.0,2000
2191,43.0,2000
2192,37.0,399
2193,34.0,401
2194,35.0,412
2195,8.0,156
2196,7.0,143
2197,3.0,137
2198,11.0,146
2199,15.0,193
2200,26.0,361
2201,12.0,178
2202,47.0,2000
2203,43.0,373
2204,43.0,373
2205,14.0,207
2206,4.0,96
2207,41.0,2000
2208,39.0,447
2209,32.0,391
2210,43.0,334
2211,43.0,333
2212,34.0,369
2213,4.0,87
2214,10.0,159
2215,8.0,145
2216,37.0,401
2217,15.0,209
2218,8.0,143
2219,7.0,146
2220,33.0,367
2221,14.0,159
2222,13.0,159
2223,9.0,159
2224,10.0,178
2225,9.0,159
2226,1.0,39
2227,5.0,130
2228,40.0,429
2229,4.0,143
2230,10.0,174
2231,43.0,391
2232,39.0,336
2233,12.0,175
2234,34.0,402
2235,40.0,379
2236,30.0,287
2237,38.0,2000
2238,46.0,393
2239,39.0,400
2240,41.0,400
2241,14.0,175
2242,27.0,303
2243,38.0,431
2244,10.0,173
2245,37.0,399
2246,37.0,428
2247,39.0,2000
2248,40.0,399
2249,30.0,319
2250,32.0,319
2251,30.0,271
2252,26.0,271
2253,38.0,397
2254,36.0,417
2255,11.0,175
2256,32.0,322
2257,14.0,190
2258,22.0,287
2259,8.0,142
2260,28.0,289
2261,34.0,382
2262,12.0,175
2263,16.0,175
2264,18.0,207
2265,41.0,2000
2266,10.0,161
2267,10.0,162
2268,12.0,156
2269,44.0,334
2270,43.0,334
2271,10.0,143
2272,44.0,334
2273,43.0,361
2274,45.0,334
2275,41.0,447
2276,10.0,143
2277,19.0,223
2278,44.0,334
2279,44.0,334
2280,44.0,393
2281,29.0,287
2282,44.0,333
2283,37.0,351
2284,43.0,2000
2285,45.0,367
2286,32.0,268
2287,15.0,192
2288,22.0,269
2289,6.0,158
2290,21.0,225
2291,45.0,334
2292,45.0,334
2293,45.0,334
2294,16.0,145
2295,20.0,178
2296,24.0,194
2297,12.0,143
2298,9.0,142
2299,23.0,271
2300,9.0,140
2301,10.0,160
2302,14.0,145
2303,21.0,178
2304,12.0,146
2305,11.0,101
2306,12.0,142
2307,19.0,194
2308,11.0,169
2309,17.0,146
2310,8.0,80
2311,15.0,146
2312,2.0,128
2313,13.0,177
2314,15.0,193
2315,19.0,191
2316,11.0,137
2317,23.0,273
2318,24.0,240
2319,5.0,142
2320,18.0,177
2321,12.0,161
2322,13.0,204
2323,13.0,223
2324,13.0,141
2325,17.0,239
2326,18.0,134
2327,11.0,162
2328,10.0,159
2329,12.0,191
2330,4.0,146
2331,8.0,146
2332,6.0,146
2333,5.0,143
2334,12.0,226
2335,13.0,161
2336,21.0,242
2337,11.0,137
2338,12.0,191
2339,8.0,98
2340,18.0,210
2341,18.0,204
2342,20.0,249
2343,19.0,205
2344,22.0,249
2345,18.0,194
2346,16.0,192
2347,16.0,192
2348,20.0,271
2349,11.0,351
2350,14.0,141
2351,41.0,2000
2352,13.0,143
2353,39.0,402
2354,9.0,142
2355,35.0,354
2356,15.0,162
2357,13.0,150
2358,11.0,142
2359,35.0,400
2360,12.0,126
2361,25.0,226
2362,36.0,352
2363,23.0,302
2364,19.0,185
2365,21.0,236
2366,10.0,111
2367,12.0,156
2368,9.0,125
2369,13.0,125
2370,15.0,189
2371,19.0,232
2372,5.0,141
2373,6.0,160
2374,9.0,141
2375,12.0,119
2376,11.0,187
2377,18.0,218
2378,14.0,223
2379,15.0,223
2380,10.0,141
2381,16.0,185
2382,20.0,222
2383,13.0,173
2384,28.0,303
2385,34.0,404
2386,23.0,255
2387,12.0,198
2388,12.0,192
2389,8.0,119
2390,6.0,140
2391,10.0,131
2392,8.0,114
2393,10.0,167
2394,13.0,204
2395,15.0,192
2396,15.0,192
2397,26.0,387
2398,10.0,114
2399,6.0,190
2400,16.0,191
2401,25.0,222
2402,12.0,137
2403,7.0,128
2404,13.0,168
2405,13.0,187
2406,9.0,191
2407,12.0,119
2408,15.0,174
2409,8.0,227
2410,23.0,246
2411,17.0,131
2412,27.0,367
2413,16.0,207
2414,17.0,201
2415,15.0,174
2416,12.0,191
2417,8.0,128
2418,11.0,191
2419,7.0,119
2420,12.0,214
2421,13.0,144
2422,10.0,191
2423,14.0,143
2424,10.0,162
2425,14.0,137
2426,14.0,176
2427,13.0,131
2428,7.0,104
2429,16.0,122
2430,13.0,131
2431,12.0,141
2432,13.0,153
2433,21.0,223
2434,14.0,173
2435,15.0,203
2436,21.0,209
2437,13.0,201
2438,22.0,223
2439,12.0,194
2440,7.0,106
2441,36.0,410
2442,12.0,156
2443,14.0,143
2444,13.0,201
2445,12.0,125
2446,14.0,143
2447,14.0,119
2448,24.0,241
2449,13.0,128
2450,15.0,207
2451,49.0,373
2452,17.0,207
2453,2.0,141
2454,16.0,208
2455,4.0,227
2456,10.0,211
2457,42.0,355
2458,12.0,161
2459,5.0,128
2460,43.0,2000
2461,12.0,125
2462,30.0,308
2463,15.0,207
2464,14.0,146
2465,12.0,138
2466,12.0,144
2467,8.0,354
2468,14.0,182
2469,13.0,137
2470,14.0,144
2471,12.0,119
2472,19.0,217
2473,20.0,223
2474,18.0,129
2475,15.0,207
2476,12.0,176
2477,33.0,409
2478,37.0,444
2479,45.0,377
2480,40.0,432
2481,9.0,147
2482,42.0,2000
2483,45.0,374
2484,45.0,357
2485,20.0,242
2486,42.0,432
2487,11.0,119
2488,42.0,431
2489,34.0,271
2490,17.0,141
2491,46.0,2000
2492,42.0,415
2493,23.0,209
2494,35.0,386
2495,47.0,379
2496,15.0,121
2497,8.0,96
2498,36.0,349
2499,9.0,162
2500,43.0,2000
2501,9.0,204
2502,9.0,143
2503,10.0,132
2504,22.0,239
2505,8.0,135
2506,14.0,138
2507,14.0,128
2508,14.0,141
2509,15.0,146
2510,18.0,171
2511,28.0,290
2512,45.0,373
2513,20.0,128
2514,12.0,154
2515,7.0,163
2516,17.0,242
2517,13.0,123
2518,4.0,138
2519,6.0,128
2520,14.0,193
2521,13.0,175
2522,5.0,97
2523,15.0,239
2524,6.0,140
2525,14.0,193
2526,8.0,175
2527,10.0,137
2528,13.0,170
2529,14.0,210
2530,12.0,162
2531,10.0,131
2532,13.0,135
2533,14.0,153
2534,32.0,290
2535,8.0,68
2536,20.0,198
2537,12.0,131
2538,8.0,175
2539,12.0,102
2540,25.0,345
2541,34.0,410
2542,13.0,143
2543,20.0,222
2544,45.0,365
2545,15.0,302
2546,10.0,107
2547,18.0,191
2548,5.0,174
2549,17.0,226
2550,4.0,188
2551,9.0,146
2552,4.0,82
2553,11.0,143
2554,12.0,159
2555,12.0,152
2556,28.0,310
2557,7.0,154
2558,6.0,137
2559,37.0,2000
2560,4.0,142
2561,10.0,198
2562,6.0,166
2563,5.0,141
2564,6.0,323
2565,11.0,161
2566,4.0,143
2567,5.0,162
2568,26.0,335
2569,15.0,189
2570,7.0,178
2571,17.0,271
2572,5.0,127
2573,6.0,159
2574,7.0,159
2575,6.0,156
2576,16.0,207
2577,17.0,191
2578,10.0,146
2579,7.0,150
2580,11.0,174
2581,8.0,177
2582,5.0,238
2583,15.0,171
2584,15.0,235
2585,10.0,125
2586,10.0,137
2587,20.0,193
2588,10.0,143
2589,10.0,137
2590,17.0,207
2591,12.0,143
2592,29.0,289
2593,16.0,161
2594,9.0,138
2595,9.0,137
2596,6.0,136
2597,5.0,133
2598,20.0,305
2599,11.0,182
2600,17.0,178
2601,45.0,432
2602,10.0,122
2603,45.0,412
2604,15.0,207
2605,14.0,156
2606,5.0,65
2607,16.0,122
2608,16.0,142
2609,20.0,168
2610,29.0,268
2611,32.0,339
2612,8.0,134
2613,10.0,154
2614,18.0,162
2615,14.0,158
2616,40.0,399
2617,46.0,393
2618,41.0,2000
2619,17.0,144
2620,11.0,134
2621,28.0,291
2622,28.0,281
2623,32.0,274
2624,27.0,281
2625,15.0,146
2626,10.0,153
2627,18.0,210
2628,13.0,170
2629,13.0,143
2630,15.0,146
2631,14.0,143
2632,23.0,223
2633,13.0,194
2634,13.0,194
2635,15.0,144
2636,14.0,191
2637,14.0,207
2638,20.0,226
2639,6.0,72
2640,13.0,182
2641,37.0,290
2642,20.0,208
2643,41.0,441
2644,16.0,122
2645,15.0,130
2646,15.0,134
2647,24.0,270
2648,16.0,141
2649,16.0,121
2650,4.0,142
2651,8.0,146
2652,16.0,122
2653,18.0,175
2654,41.0,431
2655,14.0,153
2656,19.0,175
2657,44.0,2000
2658,9.0,140
2659,33.0,322
2660,13.0,117
2661,16.0,146
2662,14.0,143
2663,11.0,117
2664,16.0,157
2665,33.0,290
2666,4.0,87
2667,12.0,137
2668,18.0,146
2669,18.0,159
2670,20.0,191
2671,12.0,142
2672,14.0,143
2673,14.0,143
2674,9.0,136
2675,18.0,157
2676,12.0,122
2677,12.0,137
2678,14.0,143
2679,12.0,122
2680,19.0,206
2681,22.0,223
2682,7.0,84
2683,24.0,257
2684,12.0,137
2685,42.0,433
2686,41.0,342
2687,45.0,402
2688,11.0,145
2689,15.0,158
2690,25.0,239
2691,16.0,158
2692,16.0,155
2693,43.0,345
2694,12.0,159
2695,39.0,386
2696,37.0,370
2697,44.0,448
2698,38.0,351
2699,19.0,208
2700,47.0,377
2701,28.0,214
2702,19.0,206
2703,15.0,175
2704,45.0,447
2705,45.0,377
2706,47.0,337
2707,13.0,142
2708,32.0,320
2709,18.0,153
2710,13.0,140
2711,19.0,162
2712,14.0,143
2713,17.0,159
2714,16.0,126
2715,3.0,83
2716,18.0,146
2717,20.0,236
2718,20.0,194
2719,19.0,149
2720,29.0,288
2721,14.0,182
2722,11.0,156
2723,31.0,320
2724,18.0,160
2725,10.0,113
2726,11.0,153
2727,32.0,287
2728,20.0,162
2729,47.0,337
2730,37.0,367
2731,47.0,337
2732,12.0,128
2733,16.0,158
2734,30.0,305
2735,13.0,146
2736,12.0,159
2737,13.0,159
2738,12.0,145
2739,7.0,122
2740,13.0,140
2741,14.0,158
2742,13.0,142
2743,47.0,334
2744,12.0,145
2745,16.0,159
2746,11.0,122
2747,24.0,225
2748,44.0,396
2749,31.0,242
2750,13.0,137
2751,29.0,226
2752,13.0,143
2753,12.0,105
2754,14.0,156
2755,21.0,207
2756,15.0,156
2757,11.0,131
2758,14.0,125
2759,6.0,117
2760,11.0,146
2761,15.0,156
2762,23.0,210
2763,10.0,150
2764,10.0,126
2765,19.0,255
2766,5.0,82
2767,9.0,150
2768,13.0,163
2769,17.0,220
2770,23.0,226
2771,16.0,159
2772,6.0,155
2773,12.0,189
2774,16.0,223
2775,8.0,159
2776,10.0,162
2777,6.0,141
2778,9.0,128
2779,12.0,146
2780,7.0,145
2781,6.0,122
2782,7.0,169
2783,9.0,170
2784,10.0,142
2785,11.0,126
2786,12.0,137
2787,8.0,134
2788,13.0,138
2789,13.0,144
2790,3.0,143
2791,20.0,194
2792,20.0,162
2793,19.0,223
2794,16.0,162
2795,9.0,102
2796,5.0,107
2797,16.0,146
2798,10.0,166
2799,14.0,142
2800,10.0,146
2801,14.0,205
2802,18.0,223
2803,6.0,82
2804,7.0,143
2805,16.0,145
2806,12.0,134
2807,14.0,142
2808,14.0,142
2809,20.0,162
2810,12.0,131
2811,16.0,159
2812,7.0,143
2813,11.0,122
2814,34.0,274
2815,8.0,115
2816,19.0,178
2817,17.0,204
2818,12.0,192
2819,20.0,162
2820,24.0,178
2821,15.0,175
2822,31.0,287
2823,23.0,235
2824,9.0,97
2825,35.0,381
2826,19.0,150
2827,19.0,204
2828,11.0,159
2829,8.0,82
2830,13.0,159
2831,10.0,153
2832,16.0,162
2833,14.0,141
2834,17.0,162
2835,24.0,226
2836,37.0,306
2837,22.0,270
2838,29.0,271
2839,43.0,402
2840,37.0,289
2841,37.0,289
2842,15.0,145
2843,6.0,145
2844,7.0,158
2845,7.0,161
2846,35.0,337
2847,28.0,271
2848,12.0,226
2849,27.0,286
2850,10.0,162
2851,9.0,93
2852,11.0,177
2853,17.0,191
2854,21.0,268
2855,6.0,161
2856,5.0,90
2857,10.0,190
2858,10.0,159
2859,9.0,192
2860,11.0,206
2861,9.0,237
2862,12.0,190
2863,7.0,144
2864,25.0,256
2865,12.0,143
2866,26.0,264
2867,9.0,159
2868,9.0,159
2869,9.0,162
2870,11.0,206
2871,13.0,147
2872,13.0,129
2873,10.0,142
2874,17.0,161
2875,7.0,161
2876,7.0,161
2877,7.0,95
2878,7.0,159
2879,17.0,162
2880,13.0,130
2881,7.0,157
2882,17.0,152
2883,11.0,162
2884,13.0,150
2885,13.0,156
2886,7.0,156
2887,7.0,172
2888,10.0,172
2889,11.0,162
2890,5.0,142
2891,45.0,389
2892,31.0,274
2893,8.0,162
2894,4.0,174
2895,9.0,158
2896,9.0,143
2897,25.0,236
2898,20.0,240
2899,12.0,142
2900,4.0,85
2901,12.0,142
2902,38.0,324
2903,42.0,402
2904,40.0,402
2905,5.0,101
2906,32.0,316
2907,18.0,172
2908,15.0,191
2909,23.0,223
2910,15.0,159
2911,45.0,389
2912,16.0,190
2913,14.0,173
2914,30.0,305
2915,21.0,220
2916,44.0,392
2917,35.0,401
2918,9.0,159
2919,7.0,158
2920,42.0,2000
2921,35.0,393
2922,33.0,285
2923,43.0,366
2924,12.0,159
2925,24.0,224
2926,33.0,318
2927,16.0,175
2928,38.0,352
2929,13.0,191
2930,9.0,137
2931,11.0,143
2932,44.0,387
2933,19.0,217
2934,17.0,175
2935,23.0,265
2936,25.0,271
2937,29.0,273
2938,30.0,269
2939,11.0,134
2940,14.0,175
2941,43.0,361
2942,11.0,175
2943,18.0,172
2944,15.0,178
2945,11.0,253
2946,7.0,146
2947,3.0,237
2948,3.0,133
2949,9.0,194
2950,8.0,146
2951,19.0,335
2952,13.0,143
2953,11.0,143
2954,9.0,174
2955,26.0,274
2956,13.0,159
2957,15.0,201
2958,11.0,143
2959,24.0,281
2960,15.0,191
2961,11.0,144
2962,21.0,225
2963,14.0,177
2964,15.0,210
2965,16.0,176
2966,7.0,188
2967,31.0,306
2968,15.0,354
2969,15.0,177
2970,19.0,208
2971,8.0,223
2972,21.0,239
2973,16.0,210
2974,13.0,159
2975,5.0,136
2976,5.0,175
2977,7.0,153
2978,15.0,282
2979,13.0,185
2980,10.0,351
2981,28.0,332
2982,42.0,2000
2983,13.0,291
2984,3.0,76
2985,21.0,249
2986,23.0,349
2987,11.0,223
2988,16.0,143
2989,9.0,217
2990,9.0,159
2991,7.0,319
2992,23.0,344
2993,9.0,143
2994,9.0,223
2995,9.0,160
2996,11.0,224
2997,15.0,348
2998,21.0,223
2999,23.0,354
3000,41.0,431
3001,42.0,2000
3002,3.0,239
3003,24.0,274
3004,3.0,140
3005,11.0,272
3006,8.0,255
3007,8.0,137
3008,9.0,162
3009,12.0,178
3010,3.0,36
3011,5.0,143
3012,12.0,271
3013,7.0,175
3014,12.0,150
3015,12.0,304
3016,7.0,185
3017,11.0,172
3018,8.0,146
3019,3.0,206
3020,16.0,178
3021,23.0,242
3022,7.0,173
3023,12.0,207
3024,18.0,217
3025,8.0,172
3026,14.0,217
3027,44.0,335
3028,23.0,367
3029,13.0,175
3030,20.0,287
3031,12.0,271
3032,18.0,178
3033,41.0,434
3034,5.0,178
3035,14.0,162
3036,5.0,101
3037,14.0,162
3038,15.0,156
3039,15.0,194
3040,22.0,224
3041,14.0,159
3042,14.0,159
3043,17.0,159
3044,17.0,162
3045,15.0,160
3046,44.0,382
3047,15.0,252
3048,17.0,192
3049,5.0,50
3050,37.0,418
3051,11.0,194
3052,44.0,396
3053,3.0,36
3054,44.0,396
3055,44.0,392
3056,44.0,392
3057,3.0,149
3058,43.0,2000
3059,15.0,239
3060,17.0,265
3061,13.0,175
3062,14.0,176
3063,34.0,287
3064,3.0,94
3065,7.0,162
3066,3.0,143
3067,16.0,210
3068,3.0,159
3069,3.0,338
3070,7.0,143
3071,8.0,226
3072,12.0,146
3073,3.0,146
3074,11.0,144
3075,11.0,242
3076,9.0,113
3077,16.0,353
3078,7.0,144
3079,8.0,140
3080,10.0,208
3081,14.0,189
3082,15.0,209
3083,20.0,204
3084,44.0,360
3085,34.0,399
3086,19.0,222
3087,17.0,224
3088,19.0,194
3089,16.0,351
3090,11.0,125
3091,15.0,209
3092,3.0,299
3093,7.0,211
3094,3.0,159
3095,6.0,143
3096,5.0,172
3097,7.0,175
3098,5.0,331
3099,3.0,159
3100,4.0,142
3101,2.0,78
3102,3.0,175
3103,11.0,210
3104,33.0,237
3105,41.0,338
3106,33.0,367
3107,23.0,289
3108,24.0,252
3109,44.0,334
3110,44.0,334
3111,44.0,332
3112,12.0,161
3113,19.0,210
3114,27.0,324
3115,9.0,191
3116,15.0,190
3117,23.0,272
3118,11.0,146
3119,6.0,146
3120,23.0,197
3121,44.0,334
3122,44.0,334
3123,44.0,334
3124,41.0,347
3125,18.0,271
3126,26.0,335
3127,11.0,143
3128,13.0,223
3129,13.0,271
3130,5.0,161
3131,17.0,223
3132,20.0,219
3133,13.0,194
3134,18.0,207
3135,13.0,278
3136,13.0,191
3137,18.0,226
3138,15.0,251
3139,27.0,269
3140,44.0,376
3141,40.0,383
3142,32.0,382
3143,44.0,335
3144,32.0,301
3145,44.0,334
3146,31.0,319
3147,44.0,334
3148,44.0,334
3149,44.0,396
3150,44.0,334
3151,44.0,360
3152,44.0,335
3153,44.0,334
3154,13.0,159
3155,44.0,334
3156,44.0,334
3157,44.0,334
3158,44.0,334
3159,44.0,334
3160,44.0,334
3161,44.0,380
3162,11.0,225
3163,32.0,303
3164,13.0,210
3165,15.0,142
3166,44.0,332
3167,43.0,2000
3168,31.0,351
3169,28.0,335
3170,44.0,334
3171,29.0,256
3172,9.0,107
3173,44.0,334
3174,44.0,334
3175,44.0,332
3176,21.0,223
3177,39.0,450
3178,44.0,334
3179,44.0,334
3180,44.0,334
3181,37.0,335
3182,44.0,334
3183,15.0,191
3184,19.0,242
3185,11.0,143
3186,13.0,174
3187,11.0,143
3188,8.0,145
3189,15.0,208
3190,11.0,143
3191,11.0,143
3192,11.0,143
3193,7.0,93
3194,13.0,206
3195,9.0,207
3196,14.0,207
3197,9.0,207
3198,7.0,159
3199,7.0,142
3200,24.0,272
3201,29.0,414
3202,44.0,334
3203,44.0,334
3204,44.0,334
3205,44.0,334
3206,44.0,334
3207,20.0,271
3208,44.0,332
3209,44.0,337
3210,44.0,376
3211,33.0,351
3212,9.0,140
3213,25.0,226
3214,44.0,334
3215,43.0,2000
3216,10.0,137
3217,16.0,175
3218,21.0,287
3219,9.0,143
3220,23.0,194
3221,44.0,334
3222,31.0,351
3223,3.0,143
3224,10.0,249
3225,17.0,223
3226,17.0,226
3227,14.0,175
3228,8.0,176
3229,7.0,174
3230,9.0,226
3231,13.0,145
3232,15.0,175
3233,12.0,159
3234,16.0,156
3235,7.0,101
3236,10.0,207
3237,38.0,2000
3238,7.0,175
3239,7.0,162
3240,6.0,156
3241,11.0,143
3242,36.0,386
3243,16.0,319
3244,17.0,210
3245,10.0,128
3246,12.0,143
3247,12.0,159
3248,11.0,178
3249,5.0,119
3250,14.0,144
3251,10.0,178
3252,16.0,173
3253,44.0,448
3254,11.0,174
3255,13.0,205
3256,3.0,136
3257,16.0,271
3258,17.0,155
3259,27.0,303
3260,12.0,128
3261,11.0,124
3262,24.0,335
3263,12.0,189
3264,5.0,49
3265,9.0,210
3266,16.0,151
3267,12.0,143
3268,20.0,208
3269,11.0,150
3270,27.0,224
3271,12.0,146
3272,7.0,159
3273,16.0,153
3274,11.0,158
3275,7.0,154
3276,5.0,119
3277,9.0,112
3278,8.0,125
3279,8.0,125
3280,19.0,153
3281,20.0,157
3282,18.0,153
3283,8.0,82
3284,9.0,144
3285,14.0,162
3286,13.0,185
3287,16.0,159
3288,13.0,158
3289,10.0,163
3290,11.0,144
3291,11.0,144
3292,13.0,210
3293,29.0,258
3294,4.0,125
3295,11.0,132
3296,23.0,248
3297,25.0,210
3298,17.0,198
3299,24.0,323
3300,19.0,204
3301,42.0,345
3302,12.0,178
3303,24.0,285
3304,24.0,306
3305,13.0,144
3306,23.0,232
3307,31.0,322
3308,16.0,223
3309,27.0,228
3310,25.0,241
3311,10.0,159
3312,13.0,143
3313,7.0,174
3314,18.0,305
3315,8.0,108
3316,24.0,241
3317,4.0,102
3318,15.0,177
3319,6.0,104
3320,6.0,125
3321,19.0,222
3322,6.0,146
3323,10.0,128
3324,7.0,144
3325,7.0,142
3326,6.0,141
3327,6.0,143
3328,6.0,143
3329,7.0,143
3330,19.0,242
3331,18.0,145
3332,12.0,125
3333,17.0,210
3334,12.0,145
3335,10.0,119
3336,14.0,131
3337,8.0,143
3338,7.0,162
3339,37.0,303
3340,5.0,123
3341,36.0,287
3342,37.0,306
3343,11.0,128
3344,40.0,337
3345,10.0,159
3346,6.0,143
3347,8.0,157
3348,15.0,188
3349,42.0,2000
3350,23.0,194
3351,12.0,162
3352,9.0,143
3353,40.0,337
3354,19.0,194
3355,12.0,162
3356,6.0,87
3357,7.0,140
3358,12.0,150
3359,4.0,49
3360,16.0,136
3361,15.0,169
3362,14.0,162
3363,40.0,2000
3364,7.0,108
3365,8.0,143
3366,10.0,146
3367,6.0,146
3368,8.0,146
3369,10.0,159
3370,13.0,174
3371,8.0,115
3372,12.0,134
3373,18.0,226
3374,10.0,175
3375,10.0,146
3376,12.0,133
3377,8.0,136
3378,16.0,226
3379,36.0,418
3380,8.0,143
3381,23.0,226
3382,15.0,146
3383,9.0,162
3384,16.0,178
3385,16.0,206
3386,11.0,146
3387,43.0,372
3388,12.0,143
3389,14.0,226
3390,14.0,141
3391,36.0,305
3392,17.0,146
3393,11.0,145
3394,32.0,303
3395,17.0,178
3396,12.0,143
3397,23.0,203
3398,23.0,206
3399,11.0,143
3400,8.0,131
3401,11.0,107
3402,27.0,210
3403,15.0,143
3404,15.0,138
3405,23.0,226
3406,15.0,142
3407,20.0,210
3408,21.0,210
3409,13.0,192
3410,10.0,175
3411,15.0,142
3412,13.0,120
3413,16.0,142
3414,13.0,125
3415,13.0,125
3416,16.0,210
3417,6.0,125
3418,12.0,220
3419,33.0,290
3420,6.0,162
3421,15.0,274
3422,5.0,146
3423,4.0,49
3424,6.0,150
3425,10.0,195
3426,8.0,163
3427,11.0,176
3428,6.0,152
3429,5.0,130
3430,11.0,222
3431,8.0,140
3432,8.0,160
3433,12.0,143
3434,9.0,159
3435,8.0,159
3436,10.0,162
3437,4.0,84
3438,6.0,153
3439,19.0,255
3440,10.0,143
3441,9.0,146
3442,7.0,122
3443,6.0,162
3444,7.0,202
3445,12.0,150
3446,16.0,144
3447,17.0,141
3448,7.0,203
3449,17.0,159
3450,16.0,156
3451,11.0,128
3452,16.0,162
3453,35.0,335
3454,17.0,161
3455,17.0,146
3456,18.0,204
3457,44.0,384
3458,15.0,194
3459,15.0,178
3460,13.0,174
3461,12.0,256
3462,42.0,431
3463,6.0,157
3464,13.0,128
3465,14.0,159
3466,18.0,167
3467,19.0,208
3468,15.0,141
3469,15.0,141
3470,18.0,146
3471,30.0,351
3472,17.0,137
3473,9.0,147
3474,16.0,162
3475,30.0,348
3476,42.0,418
3477,17.0,162
3478,23.0,223
3479,19.0,208
3480,27.0,274
3481,19.0,146
3482,17.0,191
3483,13.0,137
3484,5.0,109
3485,16.0,226
3486,16.0,226
3487,12.0,169
3488,24.0,273
3489,13.0,158
3490,17.0,150
3491,10.0,191
3492,42.0,434
3493,12.0,143
3494,17.0,240
3495,13.0,146
3496,10.0,137
3497,8.0,143
3498,13.0,206
3499,46.0,360
3500,46.0,334
3501,20.0,210
3502,31.0,335
3503,20.0,198
3504,46.0,334
3505,17.0,205
3506,11.0,207
3507,8.0,173
3508,8.0,223
3509,8.0,190
3510,15.0,186
3511,13.0,143
3512,15.0,143
3513,15.0,143
3514,15.0,143
3515,15.0,143
3516,11.0,146
3517,15.0,146
3518,12.0,351
3519,16.0,205
3520,46.0,334
3521,46.0,335
3522,33.0,351
3523,12.0,175
3524,16.0,147
3525,46.0,394
3526,35.0,450
3527,8.0,146
3528,15.0,188
3529,12.0,237
3530,23.0,194
3531,46.0,334
3532,46.0,334
3533,46.0,334
3534,46.0,334
3535,48.0,334
3536,19.0,220
3537,21.0,238
3538,5.0,162
3539,11.0,137
3540,8.0,175
3541,7.0,53
3542,15.0,185
3543,8.0,191
3544,7.0,226
3545,12.0,286
3546,8.0,217
3547,8.0,349
3548,8.0,306
3549,16.0,150
3550,16.0,128
3551,12.0,210
3552,11.0,180
3553,11.0,129
3554,8.0,201
3555,12.0,175
3556,30.0,336
3557,8.0,143
3558,12.0,173
3559,10.0,179
3560,30.0,366
3561,14.0,156
3562,7.0,142
3563,5.0,146
3564,15.0,162
3565,21.0,209
3566,2.0,143
3567,23.0,367
3568,10.0,352
3569,12.0,236
3570,23.0,258
3571,19.0,191
3572,13.0,122
3573,6.0,113
3574,7.0,265
3575,10.0,156
3576,14.0,224
3577,18.0,351
3578,12.0,223
3579,17.0,189
3580,7.0,108
3581,11.0,137
3582,14.0,159
3583,27.0,239
3584,14.0,159
3585,15.0,160
3586,34.0,367
3587,48.0,335
3588,45.0,334
3589,16.0,159
3590,31.0,322
3591,12.0,144
3592,8.0,136
3593,10.0,175
3594,21.0,239
3595,8.0,223
3596,15.0,157
3597,8.0,146
3598,41.0,2000
3599,5.0,180
3600,4.0,141
3601,3.0,242
3602,6.0,145
3603,14.0,146
3604,20.0,255
3605,43.0,360
3606,14.0,143
3607,15.0,167
3608,32.0,303
3609,31.0,335
3610,18.0,175
3611,8.0,204
3612,29.0,367
3613,13.0,367
3614,11.0,175
3615,9.0,170
3616,14.0,189
3617,9.0,178
3618,13.0,178
3619,13.0,178
3620,43.0,334
3621,43.0,332
3622,43.0,334
3623,16.0,146
3624,43.0,345
3625,20.0,178
3626,9.0,145
3627,36.0,335
3628,43.0,334
3629,43.0,334
3630,43.0,334
3631,43.0,334
3632,43.0,334
3633,44.0,333
3634,47.0,2000
3635,44.0,2000
3636,24.0,348
3637,38.0,415
3638,36.0,290
3639,12.0,322
3640,14.0,191
3641,45.0,334
3642,45.0,334
3643,45.0,334
3644,44.0,334
3645,45.0,333
3646,45.0,334
3647,46.0,334
3648,46.0,334
3649,46.0,377
3650,46.0,334
3651,46.0,334
3652,46.0,398
3653,15.0,191
3654,27.0,338
3655,15.0,194
3656,13.0,162
3657,19.0,146
3658,10.0,106
3659,21.0,162
3660,17.0,143
3661,17.0,143
3662,19.0,206
3663,46.0,334
3664,45.0,334
3665,42.0,447
3666,13.0,143
3667,39.0,370
3668,4.0,33
3669,5.0,162
3670,44.0,334
3671,17.0,322
3672,14.0,278
3673,16.0,172
3674,13.0,178
3675,31.0,307
3676,33.0,287
3677,44.0,389
3678,17.0,226
3679,19.0,175
3680,44.0,334
3681,44.0,334
3682,31.0,274
3683,44.0,392
3684,44.0,334
3685,39.0,332
3686,17.0,201
3687,12.0,300
3688,22.0,255
3689,26.0,364
3690,19.0,249
3691,17.0,367
3692,10.0,145
3693,22.0,271
3694,41.0,431
3695,44.0,376
3696,10.0,224
3697,44.0,360
3698,16.0,215
3699,13.0,185
3700,4.0,94
3701,12.0,143
3702,17.0,172
3703,8.0,146
3704,21.0,134
3705,14.0,205
3706,21.0,178
3707,29.0,270
3708,31.0,272
3709,12.0,146
3710,9.0,157
3711,9.0,159
3712,17.0,226
3713,11.0,125
3714,23.0,290
3715,0.0,128
3716,20.0,146
3717,22.0,178
3718,13.0,125
3719,6.0,72
3720,44.0,361
3721,23.0,174
3722,46.0,334
3723,15.0,166
3724,31.0,239
3725,15.0,146
3726,23.0,194
3727,21.0,162
3728,10.0,137
3729,46.0,364
3730,15.0,144
3731,23.0,286
3732,4.0,143
3733,17.0,142
3734,40.0,2000
3735,22.0,211
3736,37.0,369
3737,29.0,288
3738,13.0,198
3739,12.0,204
3740,9.0,141
3741,34.0,351
3742,6.0,135
3743,39.0,342
3744,40.0,407
3745,48.0,2000
3746,12.0,144
3747,9.0,162
3748,11.0,116
3749,7.0,172
3750,5.0,298
3751,7.0,138
3752,17.0,367
3753,9.0,368
3754,4.0,101
3755,5.0,211
3756,15.0,206
3757,15.0,238
3758,17.0,159
3759,19.0,211
3760,25.0,221
3761,24.0,271
3762,11.0,138
3763,24.0,289
3764,10.0,153
3765,12.0,191
3766,12.0,144
3767,20.0,257
3768,7.0,107
3769,14.0,138
3770,37.0,351
3771,42.0,387
3772,17.0,194
3773,43.0,399
3774,42.0,333
3775,12.0,125
3776,18.0,169
3777,20.0,226
3778,10.0,147
3779,11.0,223
3780,9.0,134
3781,12.0,222
3782,10.0,121
3783,47.0,2000
3784,10.0,200
3785,5.0,84
3786,15.0,152
3787,13.0,122
3788,10.0,122
3789,4.0,143
3790,35.0,399
3791,27.0,226
3792,15.0,156
3793,45.0,2000
3794,46.0,334
3795,46.0,392
3796,46.0,334
3797,46.0,398
3798,42.0,2000
3799,40.0,397
3800,38.0,370
3801,9.0,146
3802,31.0,319
3803,20.0,208
3804,14.0,146
3805,34.0,290
3806,15.0,146
3807,40.0,2000
3808,40.0,2000
3809,16.0,143
3810,32.0,320
3811,12.0,140
3812,12.0,145
3813,37.0,417
3814,35.0,385
3815,21.0,182
3816,40.0,432
3817,43.0,2000
3818,34.0,332
3819,22.0,255
3820,12.0,151
3821,12.0,144
3822,22.0,191
3823,13.0,178
3824,38.0,402
3825,14.0,146
3826,35.0,383
3827,8.0,146
3828,14.0,140
3829,31.0,274
3830,17.0,190
3831,18.0,174
3832,36.0,324
3833,16.0,189
3834,16.0,162
3835,18.0,192
3836,12.0,139
3837,16.0,185
3838,21.0,226
3839,18.0,178
3840,31.0,287
3841,42.0,413
3842,13.0,146
3843,26.0,236
3844,42.0,430
3845,10.0,134
3846,38.0,399
3847,14.0,159
3848,37.0,430
3849,13.0,144
3850,26.0,258
3851,39.0,2000
3852,23.0,224
3853,29.0,303
3854,38.0,387
3855,40.0,415
3856,40.0,338
3857,16.0,143
3858,33.0,330
3859,37.0,380
3860,4.0,75
3861,35.0,365
3862,41.0,402
3863,19.0,157
3864,29.0,290
3865,9.0,146
3866,11.0,159
3867,29.0,274
3868,11.0,146
3869,8.0,156
3870,24.0,236
3871,12.0,188
3872,8.0,173
3873,13.0,143
3874,12.0,178
3875,12.0,191
3876,29.0,367
3877,43.0,416
3878,45.0,2000
3879,39.0,2000
3880,46.0,373
3881,44.0,404
3882,12.0,159
3883,42.0,2000
3884,14.0,146
3885,14.0,140
3886,11.0,153
3887,12.0,194
3888,12.0,159
3889,22.0,258
3890,30.0,306
3891,13.0,162
3892,27.0,255
3893,41.0,2000
3894,47.0,2000
3895,34.0,319
3896,34.0,361
3897,31.0,284
3898,9.0,128
3899,22.0,258
3900,41.0,351
3901,30.0,370
3902,44.0,2000
3903,42.0,2000
3904,7.0,123
3905,42.0,431
3906,43.0,2000
3907,41.0,2000
3908,46.0,2000
3909,42.0,425
3910,46.0,402
3911,32.0,289
3912,16.0,161
3913,32.0,289
3914,30.0,306
3915,44.0,2000
3916,15.0,172
3917,24.0,255
3918,17.0,178
3919,18.0,172
3920,8.0,102
3921,16.0,143
3922,15.0,133
3923,16.0,162
3924,7.0,146
3925,17.0,143
3926,16.0,146
3927,10.0,129
3928,24.0,194
3929,22.0,220
3930,40.0,402
3931,12.0,156
3932,23.0,214
3933,18.0,171
3934,40.0,413
3935,12.0,146
3936,45.0,381
3937,13.0,139
3938,17.0,155
3939,11.0,134
3940,11.0,146
3941,17.0,166
3942,22.0,210
3943,16.0,175
3944,14.0,155
3945,5.0,156
3946,11.0,159
3947,13.0,158
3948,47.0,2000
3949,15.0,143
3950,25.0,272
3951,11.0,134
3952,9.0,91
3953,11.0,140
3954,13.0,140
3955,23.0,258
3956,9.0,140
3957,18.0,178
3958,13.0,162
3959,24.0,258
3960,45.0,335
3961,45.0,332
3962,45.0,331
3963,38.0,366
3964,34.0,287
3965,45.0,334
3966,45.0,334
3967,44.0,2000
3968,44.0,398
3969,26.0,242
3970,21.0,242
3971,40.0,401
3972,44.0,396
3973,41.0,2000
3974,42.0,2000
3975,18.0,175
3976,15.0,159
3977,15.0,159
3978,16.0,194
3979,31.0,322
3980,21.0,175
3981,12.0,144
3982,13.0,157
3983,18.0,207
3984,24.0,239
3985,22.0,252
3986,12.0,143
3987,16.0,159
3988,13.0,143
3989,14.0,184
3990,5.0,156
3991,15.0,143
3992,13.0,162
3993,21.0,239
3994,24.0,239
3995,26.0,306
3996,16.0,143
3997,18.0,210
3998,12.0,158
3999,14.0,162
4000,23.0,226
4001,40.0,397
4002,16.0,137
4003,16.0,152
4004,27.0,257
4005,15.0,172
4006,31.0,306
4007,45.0,335
4008,11.0,159
4009,16.0,143
4010,18.0,157
4011,23.0,191
4012,25.0,241
4013,18.0,207
4014,23.0,185
4015,12.0,162
4016,14.0,140
4017,27.0,236
4018,21.0,239
4019,17.0,173
4020,13.0,159
4021,31.0,287
4022,21.0,230
4023,30.0,310
4024,23.0,218
4025,5.0,70
4026,10.0,147
4027,23.0,241
4028,13.0,159
4029,8.0,146
4030,44.0,361
4031,43.0,364
4032,43.0,334
4033,44.0,334
4034,44.0,334
4035,11.0,162
4036,11.0,140
4037,13.0,175
4038,11.0,146
4039,11.0,144
4040,13.0,144
4041,11.0,146
4042,11.0,140
4043,3.0,140
4044,41.0,2000
4045,11.0,162
4046,11.0,146
4047,15.0,194
4048,41.0,335
4049,44.0,378
4050,11.0,77
4051,44.0,335
4052,35.0,282
4053,47.0,393
4054,15.0,191
4055,25.0,266
4056,29.0,287
4057,44.0,334
4058,37.0,353
4059,44.0,377
4060,11.0,157
4061,19.0,172
4062,15.0,172
4063,17.0,178
4064,31.0,338
4065,38.0,2000
4066,8.0,146
4067,9.0,135
4068,11.0,146
4069,25.0,267
4070,20.0,233
4071,13.0,170
4072,17.0,172
4073,11.0,146
4074,15.0,172
4075,45.0,377
4076,38.0,2000
4077,16.0,182
4078,17.0,185
4079,27.0,271
4080,11.0,162
4081,17.0,150
4082,38.0,447
4083,12.0,146
4084,40.0,2000
4085,44.0,389
4086,27.0,287
4087,44.0,389
4088,29.0,297
4089,34.0,385
4090,15.0,185
4091,23.0,284
4092,33.0,383
4093,44.0,392
4094,44.0,392
4095,44.0,376
4096,41.0,399
4097,7.0,162
4098,11.0,194
4099,7.0,143
4100,44.0,2000
4101,35.0,400
4102,15.0,194
4103,29.0,303
4104,15.0,194
4105,25.0,264
4106,17.0,194
4107,15.0,159
4108,44.0,338
4109,7.0,63
4110,41.0,396
4111,44.0,389
4112,19.0,193
4113,41.0,349
4114,31.0,290
4115,44.0,338
4116,13.0,143
4117,19.0,223
4118,15.0,136
4119,26.0,285
4120,41.0,2000
4121,7.0,108
4122,15.0,159
4123,9.0,164
4124,45.0,386
4125,16.0,137
4126,11.0,128
4127,44.0,384
4128,44.0,368
4129,44.0,354
4130,33.0,319
4131,44.0,389
4132,34.0,348
4133,25.0,202
4134,44.0,335
4135,23.0,238
4136,44.0,334
4137,44.0,334
4138,44.0,334
4139,44.0,382
4140,44.0,335
4141,29.0,305
4142,25.0,223
4143,37.0,364
4144,17.0,191
4145,44.0,334
4146,44.0,334
4147,44.0,339
4148,44.0,334
4149,41.0,434
4150,44.0,332
4151,35.0,417
4152,37.0,402
4153,21.0,226
4154,33.0,318
4155,35.0,341
4156,29.0,270
4157,37.0,382
4158,8.0,128
4159,41.0,434
4160,43.0,393
4161,25.0,254
4162,10.0,142
4163,15.0,176
4164,11.0,159
4165,13.0,178
4166,24.0,252
4167,42.0,419
4168,13.0,143
4169,33.0,332
4170,44.0,373
4171,42.0,2000
4172,41.0,418
4173,11.0,178
4174,25.0,242
4175,18.0,226
4176,12.0,159
4177,12.0,144
4178,46.0,338
4179,11.0,159
4180,32.0,305
4181,10.0,134
4182,44.0,335
4183,44.0,335
4184,44.0,2000
4185,44.0,393
4186,15.0,144
4187,44.0,393
4188,34.0,374
4189,9.0,139
4190,10.0,201
4191,20.0,208
4192,11.0,154
4193,26.0,269
4194,17.0,253
4195,22.0,219
4196,9.0,134
4197,15.0,208
4198,11.0,142
4199,23.0,222
4200,17.0,208
4201,29.0,223
4202,44.0,389
4203,44.0,338
4204,29.0,361
4205,33.0,306
4206,20.0,226
4207,46.0,364
4208,14.0,159
4209,21.0,210
4210,20.0,191
4211,16.0,173
4212,9.0,160
4213,12.0,144
4214,30.0,287
4215,26.0,258
4216,33.0,320
4217,13.0,159
4218,28.0,289
4219,17.0,209
4220,44.0,373
4221,16.0,192
4222,44.0,2000
4223,14.0,144
4224,45.0,364
4225,45.0,335
4226,16.0,159
4227,21.0,175
4228,13.0,143
4229,15.0,226
4230,19.0,207
4231,19.0,175
4232,13.0,144
4233,32.0,315
4234,14.0,175
4235,37.0,353
4236,8.0,143
4237,38.0,402
4238,41.0,386
4239,46.0,335
4240,46.0,335
4241,39.0,386
4242,23.0,310
4243,14.0,143
4244,46.0,377
4245,43.0,390
4246,12.0,159
4247,45.0,345
4248,45.0,334
4249,45.0,334
4250,30.0,255
4251,45.0,334
4252,45.0,334
4253,45.0,371
4254,45.0,377
4255,45.0,334
4256,45.0,334
4257,42.0,447
4258,28.0,271
4259,16.0,146
4260,19.0,210
4261,36.0,368
4262,23.0,231
4263,17.0,143
4264,12.0,143
4265,35.0,370
4266,32.0,330
4267,34.0,358
4268,41.0,2000
4269,26.0,287
4270,18.0,182
4271,20.0,241
4272,13.0,142
4273,16.0,207
4274,36.0,419
4275,13.0,156
4276,26.0,271
4277,39.0,2000
4278,13.0,161
4279,26.0,255
4280,39.0,383
4281,11.0,161
4282,12.0,139
4283,16.0,162
4284,11.0,159
4285,3.0,108
4286,36.0,352
4287,23.0,242
4288,12.0,146
4289,41.0,415
4290,33.0,288
4291,9.0,111
4292,13.0,161
4293,11.0,143
4294,44.0,338
4295,44.0,325
4296,44.0,338
4297,44.0,338
4298,41.0,402
4299,21.0,204
4300,27.0,250
4301,39.0,370
4302,9.0,91
4303,37.0,444
4304,27.0,257
4305,44.0,337
4306,13.0,143
4307,39.0,428
4308,37.0,321
4309,42.0,2000
4310,39.0,354
4311,42.0,2000
4312,25.0,271
4313,35.0,377
4314,24.0,264
4315,18.0,210
4316,39.0,444
4317,26.0,269
4318,19.0,175
4319,15.0,145
4320,15.0,177
4321,44.0,332
4322,35.0,383
4323,37.0,354
4324,37.0,370
4325,44.0,338
4326,44.0,357
4327,44.0,338
4328,41.0,450
4329,32.0,370
4330,44.0,338
4331,44.0,386
4332,13.0,175
4333,24.0,259
4334,36.0,370
4335,15.0,175
4336,8.0,157
4337,8.0,162
4338,23.0,198
4339,25.0,255
4340,44.0,393
4341,23.0,190
4342,27.0,218
4343,24.0,209
4344,19.0,207
4345,37.0,415
4346,19.0,152
4347,18.0,159
4348,14.0,169
4349,20.0,176
4350,34.0,434
4351,26.0,303
4352,18.0,226
4353,32.0,322
4354,13.0,159
4355,29.0,287
4356,37.0,351
4357,9.0,136
4358,15.0,159
4359,31.0,349
4360,11.0,146
4361,15.0,178
4362,16.0,178
4363,24.0,242
4364,32.0,354
4365,18.0,178
4366,9.0,143
4367,23.0,274
4368,45.0,377
4369,22.0,191
4370,32.0,354
4371,18.0,270
4372,40.0,418
4373,42.0,398
4374,30.0,274
4375,14.0,146
4376,14.0,172
4377,25.0,306
4378,12.0,178
4379,14.0,159
4380,12.0,143
4381,14.0,172
4382,14.0,159
4383,14.0,162
4384,14.0,162
4385,14.0,162
4386,16.0,146
4387,12.0,143
4388,12.0,146
4389,23.0,273
4390,16.0,143
4391,12.0,145
4392,43.0,2000
4393,45.0,390
4394,45.0,390
4395,16.0,207
4396,13.0,146
4397,27.0,231
4398,16.0,142
4399,38.0,351
4400,32.0,366
4401,26.0,287
4402,33.0,349
4403,12.0,143
4404,33.0,338
4405,33.0,450
4406,19.0,215
4407,41.0,409
4408,21.0,210
4409,37.0,415
4410,26.0,242
4411,8.0,141
4412,42.0,2000
4413,20.0,177
4414,22.0,251
4415,44.0,335
4416,27.0,329
4417,43.0,2000
4418,18.0,206
4419,10.0,159
4420,11.0,124
4421,12.0,156
4422,39.0,393
4423,42.0,335
4424,26.0,274
4425,25.0,242
4426,7.0,178
4427,19.0,194
4428,2.0,368
4429,11.0,178
4430,31.0,287
4431,13.0,143
4432,12.0,162
4433,17.0,143
4434,17.0,161
4435,39.0,370
4436,7.0,146
4437,8.0,140
4438,9.0,162
4439,22.0,249
4440,24.0,255
4441,27.0,284
4442,32.0,322
4443,16.0,194
4444,9.0,124
4445,17.0,241
4446,15.0,204
4447,16.0,194
4448,22.0,238
4449,18.0,242
4450,22.0,238
4451,18.0,239
4452,15.0,175
4453,33.0,319
4454,32.0,331
4455,22.0,289
4456,13.0,207
4457,24.0,241
4458,33.0,351
4459,28.0,346
4460,33.0,303
4461,13.0,159
4462,35.0,322
4463,13.0,162
4464,12.0,143
4465,23.0,253
4466,10.0,130
4467,16.0,174
4468,14.0,159
4469,15.0,158
4470,44.0,2000
4471,11.0,146
4472,21.0,204
4473,42.0,335
4474,45.0,335
4475,38.0,378
4476,15.0,210
4477,26.0,239
4478,16.0,161
4479,32.0,322
4480,18.0,191
4481,16.0,162
4482,21.0,239
4483,29.0,324
4484,16.0,161
4485,26.0,240
4486,31.0,322
4487,13.0,167
4488,30.0,290
4489,18.0,159
4490,14.0,146
4491,40.0,367
4492,8.0,96
4493,16.0,161
4494,16.0,161
4495,13.0,146
4496,13.0,192
4497,16.0,194
4498,13.0,122
4499,18.0,162
4500,17.0,134
4501,16.0,189
4502,14.0,158
4503,10.0,161
4504,12.0,162
4505,14.0,159
4506,10.0,144
4507,12.0,146
4508,12.0,146
4509,15.0,178
4510,12.0,146
4511,11.0,132
4512,35.0,384
4513,43.0,438
4514,17.0,144
4515,30.0,290
4516,41.0,447
4517,45.0,377
4518,25.0,255
4519,41.0,418
4520,44.0,352
4521,8.0,141
4522,41.0,418
4523,33.0,303
4524,41.0,434
4525,39.0,428
4526,37.0,351
4527,44.0,389
4528,30.0,271
4529,8.0,141
4530,17.0,146
4531,12.0,143
4532,16.0,146
4533,12.0,158
4534,15.0,159
4535,45.0,2000
4536,18.0,204
4537,8.0,136
4538,24.0,256
4539,8.0,146
4540,12.0,138
4541,18.0,220
4542,45.0,378
4543,10.0,170
4544,18.0,162
4545,36.0,336
4546,17.0,223
4547,12.0,178
4548,21.0,242
4549,10.0,146
4550,20.0,207
4551,12.0,142
4552,12.0,143
4553,21.0,252
4554,14.0,208
4555,41.0,418
4556,40.0,414
4557,9.0,146
4558,20.0,208
4559,26.0,287
4560,22.0,223
4561,44.0,393
4562,44.0,377
4563,17.0,188
4564,41.0,402
4565,41.0,402
4566,44.0,377
4567,36.0,383
4568,5.0,92
4569,41.0,418
4570,32.0,290
4571,43.0,434
4572,20.0,191
4573,41.0,434
4574,15.0,142
4575,45.0,432
4576,39.0,434
4577,14.0,162
4578,42.0,370
4579,21.0,191
4580,42.0,397
4581,2.0,162
4582,13.0,161
4583,40.0,2000
4584,21.0,222
4585,49.0,2000
4586,42.0,349
4587,22.0,161
4588,15.0,145
4589,15.0,147
4590,15.0,138
4591,48.0,2000
4592,35.0,274
4593,43.0,410
4594,44.0,425
4595,3.0,125
4596,19.0,160
4597,13.0,143
4598,33.0,259
4599,34.0,304
4600,10.0,98
4601,42.0,425
4602,44.0,377
4603,38.0,2000
4604,29.0,274
4605,44.0,369
4606,24.0,223
4607,19.0,143
4608,18.0,177
4609,10.0,158
4610,8.0,207
4611,40.0,399
4612,38.0,367
4613,7.0,143
4614,33.0,318
4615,13.0,143
4616,19.0,206
4617,19.0,208
4618,17.0,159
4619,27.0,289
4620,10.0,155
4621,41.0,445
4622,15.0,140
4623,19.0,162
4624,38.0,339
4625,26.0,257
4626,38.0,383
4627,13.0,144
4628,25.0,273
4629,17.0,175
4630,13.0,124
4631,19.0,175
4632,13.0,143
4633,3.0,78
4634,8.0,122
4635,9.0,175
4636,35.0,289
4637,17.0,143
4638,13.0,143
4639,28.0,255
4640,13.0,118
4641,13.0,124
4642,18.0,191
4643,16.0,146
4644,21.0,159
4645,13.0,143
4646,24.0,181
4647,14.0,136
4648,16.0,178
4649,15.0,190
4650,20.0,204
4651,12.0,138
4652,14.0,161
4653,22.0,210
4654,15.0,175
4655,16.0,158
4656,15.0,163
4657,34.0,302
4658,47.0,361
4659,10.0,128
4660,18.0,143
4661,18.0,141
4662,18.0,146
4663,10.0,191
4664,27.0,271
4665,43.0,2000
4666,32.0,271
4667,33.0,316
4668,20.0,198
4669,13.0,161
4670,10.0,138
4671,13.0,162
4672,50.0,2000
4673,15.0,143
4674,17.0,175
4675,15.0,143
4676,28.0,239
4677,47.0,393
4678,14.0,146
4679,48.0,2000
4680,23.0,192
4681,27.0,271
4682,31.0,274
4683,23.0,204
4684,16.0,141
4685,5.0,44
4686,3.0,76
4687,13.0,143
4688,12.0,142
4689,23.0,256
4690,22.0,223
4691,16.0,144
4692,16.0,146
4693,20.0,197
4694,30.0,258
4695,14.0,142
4696,43.0,361
4697,20.0,178
4698,44.0,393
4699,12.0,137
4700,12.0,143
4701,13.0,140
4702,22.0,223
4703,16.0,233
4704,19.0,157
4705,27.0,273
4706,15.0,177
4707,13.0,144
4708,18.0,210
4709,22.0,173
4710,11.0,146
4711,8.0,87
4712,13.0,146
4713,16.0,162
4714,15.0,143
4715,26.0,265
4716,17.0,143
4717,16.0,142
4718,9.0,94
4719,21.0,142
4720,13.0,137
4721,49.0,377
4722,21.0,144
4723,44.0,361
4724,29.0,258
4725,39.0,338
4726,19.0,162
4727,19.0,159
4728,19.0,159
4729,20.0,158
4730,20.0,194
4731,23.0,226
4732,15.0,142
4733,28.0,240
4734,16.0,138
4735,13.0,158
4736,42.0,394
4737,13.0,178
4738,23.0,288
4739,32.0,300
4740,19.0,242
4741,4.0,54
4742,26.0,255
4743,17.0,287
4744,8.0,156
4745,12.0,145
4746,11.0,137
4747,15.0,191
4748,17.0,190
4749,32.0,319
4750,39.0,399
4751,9.0,137
4752,37.0,324
4753,24.0,252
4754,13.0,162
4755,5.0,141
4756,7.0,142
4757,7.0,174
4758,11.0,194
4759,17.0,174
4760,13.0,140
4761,33.0,318
4762,16.0,174
4763,32.0,302
4764,43.0,393
4765,36.0,354
4766,29.0,278
4767,24.0,351
4768,16.0,225
4769,27.0,255
4770,34.0,348
4771,37.0,350
4772,13.0,194
4773,26.0,288
4774,37.0,2000
4775,25.0,191
4776,11.0,182
4777,6.0,143
4778,14.0,173
4779,19.0,159
4780,20.0,274
4781,15.0,208
4782,13.0,178
4783,44.0,377
4784,44.0,377
4785,44.0,394
4786,44.0,377
4787,42.0,2000
4788,29.0,266
4789,38.0,307
4790,10.0,128
4791,40.0,352
4792,15.0,188
4793,10.0,175
4794,16.0,175
4795,13.0,186
4796,18.0,191
4797,14.0,162
4798,36.0,354
4799,45.0,393
4800,7.0,95
4801,13.0,178
4802,32.0,303
4803,18.0,204
4804,16.0,194
4805,45.0,393
4806,44.0,377
4807,45.0,377
4808,45.0,377
4809,47.0,389
4810,42.0,404
4811,44.0,377
4812,37.0,434
4813,44.0,377
4814,38.0,364
4815,44.0,393
4816,40.0,386
4817,37.0,2000
4818,32.0,345
4819,45.0,393
4820,45.0,339
4821,15.0,159
4822,18.0,239
4823,25.0,322
4824,14.0,143
4825,32.0,358
4826,17.0,194
4827,45.0,2000
4828,17.0,191
4829,7.0,139
4830,8.0,178
4831,19.0,226
4832,22.0,242
4833,15.0,175
4834,13.0,368
4835,22.0,367
4836,13.0,175
4837,22.0,255
4838,12.0,289
4839,27.0,365
4840,12.0,144
4841,16.0,194
4842,14.0,184
4843,18.0,290
4844,21.0,258
4845,15.0,140
4846,8.0,97
4847,17.0,137
4848,27.0,367
4849,7.0,152
4850,36.0,396
4851,14.0,191
4852,14.0,193
4853,16.0,159
4854,10.0,193
4855,10.0,225
4856,30.0,367
4857,20.0,207
4858,13.0,377
4859,16.0,143
4860,18.0,209
4861,11.0,153
4862,10.0,143
4863,10.0,146
4864,12.0,143
4865,18.0,159
4866,4.0,54
4867,14.0,153
4868,16.0,162
4869,15.0,134
4870,14.0,191
4871,16.0,171
4872,8.0,194
4873,15.0,175
4874,12.0,143
4875,18.0,239
4876,17.0,206
4877,8.0,162
4878,29.0,346
4879,27.0,374
4880,10.0,141
4881,17.0,207
4882,20.0,249
4883,38.0,383
4884,8.0,140
4885,23.0,258
4886,19.0,194
4887,26.0,288
4888,6.0,144
4889,8.0,143
4890,31.0,334
4891,37.0,334
4892,48.0,2000
4893,6.0,167
4894,6.0,173
4895,18.0,169
4896,6.0,162
4897,12.0,162
4898,6.0,162
4899,22.0,255
4900,17.0,169
4901,8.0,159
4902,18.0,182
4903,16.0,223
4904,18.0,249
4905,49.0,376
4906,18.0,128
4907,34.0,268
4908,16.0,125
4909,14.0,194
4910,17.0,172
4911,19.0,162
4912,22.0,194
4913,18.0,178
4914,11.0,207
4915,35.0,336
4916,45.0,334
4917,43.0,334
4918,43.0,450
4919,45.0,429
4920,36.0,445
4921,17.0,174
4922,41.0,402
4923,44.0,334
4924,16.0,140
4925,23.0,335
4926,3.0,112
4927,15.0,175
4928,6.0,137
4929,15.0,175
4930,8.0,191
4931,11.0,143
4932,16.0,175
4933,11.0,143
4934,33.0,332
4935,17.0,159
4936,21.0,254
4937,16.0,159
4938,35.0,319
4939,36.0,428
4940,44.0,334
4941,44.0,334
4942,44.0,335
4943,39.0,443
4944,32.0,287
4945,16.0,159
4946,41.0,400
4947,37.0,400
4948,41.0,432
4949,19.0,190
4950,44.0,390
4951,21.0,210
4952,25.0,255
4953,43.0,430
4954,16.0,174
4955,24.0,304
4956,32.0,338
4957,15.0,175
4958,13.0,157
4959,19.0,194
4960,30.0,290
4961,19.0,190
4962,23.0,242
4963,21.0,206
4964,36.0,378
4965,10.0,142
4966,18.0,210
4967,18.0,187
4968,12.0,161
4969,12.0,160
4970,13.0,198
4971,17.0,178
4972,13.0,159
4973,13.0,159
4974,14.0,185
4975,18.0,150
4976,17.0,207
4977,17.0,240
4978,16.0,239
4979,12.0,159
4980,9.0,146
4981,16.0,171
4982,34.0,334
4983,12.0,156
4984,29.0,284
4985,15.0,170
4986,17.0,176
4987,37.0,362
4988,10.0,394
4989,34.0,370
4990,23.0,210
4991,11.0,269
4992,14.0,135
4993,14.0,223
4994,10.0,156
4995,13.0,217
4996,9.0,152
4997,14.0,221
4998,25.0,265
4999,16.0,162
